"event_id","event_trading_date","trading_day_index","term","coefficient","observations"
"AIT-2022-04-002","2022-04-06",318,"rel_upstream_hardware",0.084077375398473,12
"AIT-2022-04-002","2022-04-06",318,"rel_is_investor",-0.0932685275079362,12
"AIT-2022-10-001","2022-10-20",454,"rel_upstream_hardware",0.201455297738985,43
"AIT-2022-10-001","2022-10-20",454,"rel_upstream_cloud",0.0314950960003637,43
"AIT-2022-10-001","2022-10-20",454,"rel_downstream_integrator",0.0599679303460896,43
"AIT-2022-10-001","2022-10-20",454,"rel_downstream_deployer",0.249225229054036,43
"AIT-2022-10-001","2022-10-20",454,"rel_downstream_enabler",0.0305270212886012,43
"AIT-2022-10-001","2022-10-20",454,"rel_competitor",-0.136048828151153,43
"AIT-2022-12-001","2022-12-07",487,"rel_upstream_hardware",0.0277737765572797,43
"AIT-2022-12-001","2022-12-07",487,"rel_upstream_cloud",-0.134453277617396,43
"AIT-2022-12-001","2022-12-07",487,"rel_downstream_integrator",-0.015963754007357,43
"AIT-2022-12-001","2022-12-07",487,"rel_downstream_deployer",-0.0356088340754685,43
"AIT-2022-12-001","2022-12-07",487,"rel_downstream_enabler",0.0347321199484945,43
"AIT-2022-12-001","2022-12-07",487,"rel_competitor",0.0721267965484393,43
"AIT-2023-03-002","2023-03-14",552,"rel_upstream_hardware",-0.076312513592208,43
"AIT-2023-03-002","2023-03-14",552,"rel_upstream_cloud",-0.0810997338767629,43
"AIT-2023-03-002","2023-03-14",552,"rel_downstream_integrator",-0.0277256546325352,43
"AIT-2023-03-002","2023-03-14",552,"rel_downstream_deployer",-0.0809140054877301,43
"AIT-2023-03-002","2023-03-14",552,"rel_downstream_enabler",-0.0910772503376213,43
"AIT-2023-03-002","2023-03-14",552,"rel_competitor",0.0268015195039358,43
"AIT-2023-03-002","2023-03-14",552,"rel_is_investor",0.0510354486172185,43
"AIT-2023-05-002","2023-05-10",592,"rel_upstream_hardware",0.198941018059743,43
"AIT-2023-05-002","2023-05-10",592,"rel_upstream_cloud",-0.0612059816067613,43
"AIT-2023-05-002","2023-05-10",592,"rel_downstream_integrator",0.126482397235594,43
"AIT-2023-05-002","2023-05-10",592,"rel_downstream_deployer",0.0973689085078091,43
"AIT-2023-05-002","2023-05-10",592,"rel_downstream_enabler",0.0636763345303072,43
"AIT-2023-05-002","2023-05-10",592,"rel_competitor",0.131080409260776,43
"AIT-2023-05-002","2023-05-10",592,"rel_is_owner",0.314550968312248,43
"AIT-2023-07-002","2023-07-11",633,"rel_upstream_hardware",-0.0013438653812007,43
"AIT-2023-07-002","2023-07-11",633,"rel_upstream_cloud",0.0506449309831384,43
"AIT-2023-07-002","2023-07-11",633,"rel_downstream_integrator",-0.0287473225640466,43
"AIT-2023-07-002","2023-07-11",633,"rel_downstream_deployer",0.0799719787721669,43
"AIT-2023-07-002","2023-07-11",633,"rel_downstream_enabler",0.0409329986521589,43
"AIT-2023-07-002","2023-07-11",633,"rel_competitor",-0.0889454461448283,43
"AIT-2023-07-002","2023-07-11",633,"rel_is_investor",0.10164048866506,43
"AIT-2023-07-003","2023-07-18",638,"rel_upstream_hardware",-0.0228274179044859,43
"AIT-2023-07-003","2023-07-18",638,"rel_upstream_cloud",0.0235905564398488,43
"AIT-2023-07-003","2023-07-18",638,"rel_downstream_integrator",0.0210157191329317,43
"AIT-2023-07-003","2023-07-18",638,"rel_downstream_deployer",-0.0321207719195811,43
"AIT-2023-07-003","2023-07-18",638,"rel_downstream_enabler",0.0342842730283336,43
"AIT-2023-07-003","2023-07-18",638,"rel_competitor",-0.0840373292993614,43
"AIT-2023-07-003","2023-07-18",638,"rel_is_owner",-0.0636847133344747,43
"AIT-2023-07-001","2023-07-26",644,"rel_upstream_hardware",0.0457316357168708,43
"AIT-2023-07-001","2023-07-26",644,"rel_upstream_cloud",0.0356633707018139,43
"AIT-2023-07-001","2023-07-26",644,"rel_downstream_integrator",0.0570103680425817,43
"AIT-2023-07-001","2023-07-26",644,"rel_downstream_deployer",-0.0304568126240073,43
"AIT-2023-07-001","2023-07-26",644,"rel_downstream_enabler",0.0972409190228978,43
"AIT-2023-07-001","2023-07-26",644,"rel_competitor",0.0198476804274917,43
"AIT-2023-10-001","2023-10-19",704,"rel_upstream_hardware",-0.0321870770359995,43
"AIT-2023-10-001","2023-10-19",704,"rel_upstream_cloud",-0.0574565095843654,43
"AIT-2023-10-001","2023-10-19",704,"rel_downstream_integrator",-0.083414416588511,43
"AIT-2023-10-001","2023-10-19",704,"rel_downstream_deployer",0.0222882937428918,43
"AIT-2023-10-001","2023-10-19",704,"rel_downstream_enabler",-0.0886784102540866,43
"AIT-2023-10-001","2023-10-19",704,"rel_competitor",-0.0330166425520742,43
"AIT-2023-10-001","2023-10-19",704,"rel_is_investor",0.155538049464616,43
"AIT-2023-12-002","2023-12-06",737,"rel_upstream_hardware",-0.036420841916865,43
"AIT-2023-12-002","2023-12-06",737,"rel_upstream_cloud",-0.0311756648738973,43
"AIT-2023-12-002","2023-12-06",737,"rel_downstream_integrator",-0.0832354583290628,43
"AIT-2023-12-002","2023-12-06",737,"rel_downstream_deployer",-0.126823376504704,43
"AIT-2023-12-002","2023-12-06",737,"rel_downstream_enabler",-0.0187409990328346,43
"AIT-2023-12-002","2023-12-06",737,"rel_competitor",-0.0457720785708962,43
"AIT-2023-12-002","2023-12-06",737,"rel_is_owner",-0.0924839993303756,43
"AIT-2023-12-001","2023-12-20",747,"rel_upstream_hardware",0.0736145800619892,43
"AIT-2023-12-001","2023-12-20",747,"rel_upstream_cloud",0.00489760568503007,43
"AIT-2023-12-001","2023-12-20",747,"rel_downstream_integrator",0.06621623272216,43
"AIT-2023-12-001","2023-12-20",747,"rel_downstream_deployer",-0.0295685599054972,43
"AIT-2023-12-001","2023-12-20",747,"rel_downstream_enabler",0.0455595669008381,43
"AIT-2023-12-001","2023-12-20",747,"rel_competitor",-0.0155024630259906,43
"AIT-2024-02-003","2024-02-15",785,"rel_upstream_hardware",-0.327795109063702,43
"AIT-2024-02-003","2024-02-15",785,"rel_upstream_cloud",0.334549182606057,43
"AIT-2024-02-003","2024-02-15",785,"rel_downstream_integrator",-0.461153977146086,43
"AIT-2024-02-003","2024-02-15",785,"rel_downstream_deployer",-0.330514037752871,43
"AIT-2024-02-003","2024-02-15",785,"rel_downstream_enabler",-0.354031899156068,43
"AIT-2024-02-003","2024-02-15",785,"rel_competitor",-0.137967585309165,43
"AIT-2024-02-003","2024-02-15",785,"rel_is_owner",-0.669048940093091,43
"AIT-2024-02-001","2024-02-22",789,"rel_upstream_hardware",-0.235325452163388,43
"AIT-2024-02-001","2024-02-22",789,"rel_upstream_cloud",0.0100046356578559,43
"AIT-2024-02-001","2024-02-22",789,"rel_downstream_integrator",-0.287065911447297,43
"AIT-2024-02-001","2024-02-22",789,"rel_downstream_deployer",-0.247934236385746,43
"AIT-2024-02-001","2024-02-22",789,"rel_downstream_enabler",-0.34766187987418,43
"AIT-2024-02-001","2024-02-22",789,"rel_competitor",-0.122479046392191,43
"AIT-2024-03-002","2024-03-04",796,"rel_upstream_hardware",-0.173758563170594,43
"AIT-2024-03-002","2024-03-04",796,"rel_upstream_cloud",0.207567897476321,43
"AIT-2024-03-002","2024-03-04",796,"rel_downstream_integrator",-0.208859156636961,43
"AIT-2024-03-002","2024-03-04",796,"rel_downstream_deployer",-0.138983091409794,43
"AIT-2024-03-002","2024-03-04",796,"rel_downstream_enabler",-0.265235810926506,43
"AIT-2024-03-002","2024-03-04",796,"rel_competitor",-0.094608906383468,43
"AIT-2024-03-002","2024-03-04",796,"rel_is_investor",-0.11012719519175,43
"AIT-2024-04-001","2024-04-03",817,"rel_upstream_hardware",0.101373312103485,43
"AIT-2024-04-001","2024-04-03",817,"rel_upstream_cloud",0.13021067486589,43
"AIT-2024-04-001","2024-04-03",817,"rel_downstream_integrator",0.0585749117169858,43
"AIT-2024-04-001","2024-04-03",817,"rel_downstream_deployer",0.114665795302036,43
"AIT-2024-04-001","2024-04-03",817,"rel_downstream_enabler",0.0148589329595866,43
"AIT-2024-04-001","2024-04-03",817,"rel_competitor",0.0808488605338348,43
"AIT-2024-04-003","2024-04-17",827,"rel_upstream_hardware",0.0168646575936768,44
"AIT-2024-04-003","2024-04-17",827,"rel_upstream_cloud",0.100300643529757,44
"AIT-2024-04-003","2024-04-17",827,"rel_downstream_integrator",-0.0318368693718062,44
"AIT-2024-04-003","2024-04-17",827,"rel_downstream_deployer",0.0309240362216868,44
"AIT-2024-04-003","2024-04-17",827,"rel_downstream_enabler",-0.0116051514891305,44
"AIT-2024-04-003","2024-04-17",827,"rel_competitor",-0.00675129958635689,44
"AIT-2024-04-003","2024-04-17",827,"rel_is_investor",-0.0805156083080214,44
"AIT-2024-04-004","2024-04-18",828,"rel_upstream_hardware",-0.0234488056918186,44
"AIT-2024-04-004","2024-04-18",828,"rel_upstream_cloud",-0.106509892039104,44
"AIT-2024-04-004","2024-04-18",828,"rel_downstream_integrator",-0.0896868208533155,44
"AIT-2024-04-004","2024-04-18",828,"rel_downstream_deployer",-0.0717880199450818,44
"AIT-2024-04-004","2024-04-18",828,"rel_downstream_enabler",-0.0289504590015172,44
"AIT-2024-04-004","2024-04-18",828,"rel_competitor",0.111412552520806,44
"AIT-2024-04-004","2024-04-18",828,"rel_is_owner",-0.183590198414161,44
"AIT-2024-04-005","2024-04-23",831,"rel_upstream_hardware",0.0973907551277451,44
"AIT-2024-04-005","2024-04-23",831,"rel_upstream_cloud",0.0965593255473511,44
"AIT-2024-04-005","2024-04-23",831,"rel_downstream_integrator",-0.0184250395774097,44
"AIT-2024-04-005","2024-04-23",831,"rel_downstream_deployer",0.014649408539806,44
"AIT-2024-04-005","2024-04-23",831,"rel_downstream_enabler",0.020167720665414,44
"AIT-2024-04-005","2024-04-23",831,"rel_competitor",0.02755408390526,44
"AIT-2024-04-005","2024-04-23",831,"rel_is_owner",-0.0485002726899196,44
"AIT-2024-05-001","2024-05-13",845,"rel_upstream_hardware",-0.0622992419581248,44
"AIT-2024-05-001","2024-05-13",845,"rel_upstream_cloud",-0.108677562766451,44
"AIT-2024-05-001","2024-05-13",845,"rel_downstream_integrator",-0.147720177152574,44
"AIT-2024-05-001","2024-05-13",845,"rel_downstream_deployer",-0.0895976637851176,44
"AIT-2024-05-001","2024-05-13",845,"rel_downstream_enabler",-0.0772328091203031,44
"AIT-2024-05-001","2024-05-13",845,"rel_competitor",0.00375965270969934,44
"AIT-2024-05-001","2024-05-13",845,"rel_is_investor",0.193124670066927,44
"AIT-2024-05-002","2024-05-14",846,"rel_upstream_hardware",-0.0102442334468537,44
"AIT-2024-05-002","2024-05-14",846,"rel_upstream_cloud",0.051559896534424,44
"AIT-2024-05-002","2024-05-14",846,"rel_downstream_integrator",-0.11885446415594,44
"AIT-2024-05-002","2024-05-14",846,"rel_downstream_deployer",-0.0780392936630789,44
"AIT-2024-05-002","2024-05-14",846,"rel_downstream_enabler",-0.0679522715256156,44
"AIT-2024-05-002","2024-05-14",846,"rel_competitor",-0.0059280214895503,44
"AIT-2024-05-002","2024-05-14",846,"rel_is_owner",-0.145503311690919,44
"AIT-2024-06-001","2024-06-12",866,"rel_upstream_hardware",0.0794066786954151,44
"AIT-2024-06-001","2024-06-12",866,"rel_upstream_cloud",-0.0618646538169343,44
"AIT-2024-06-001","2024-06-12",866,"rel_downstream_integrator",0.107786251018938,44
"AIT-2024-06-001","2024-06-12",866,"rel_downstream_deployer",-0.00482799073016578,44
"AIT-2024-06-001","2024-06-12",866,"rel_downstream_enabler",0.1644242776076,44
"AIT-2024-06-001","2024-06-12",866,"rel_competitor",0.0923810063136511,44
"AIT-2024-06-003","2024-06-17",869,"rel_upstream_hardware",-0.0773091771821514,44
"AIT-2024-06-003","2024-06-17",869,"rel_upstream_cloud",-0.0130469605252491,44
"AIT-2024-06-003","2024-06-17",869,"rel_downstream_integrator",0.00343823286767049,44
"AIT-2024-06-003","2024-06-17",869,"rel_downstream_deployer",-0.0681410096303183,44
"AIT-2024-06-003","2024-06-17",869,"rel_downstream_enabler",0.145390390121077,44
"AIT-2024-06-003","2024-06-17",869,"rel_competitor",0.0236564586079365,44
"AIT-2024-06-004","2024-06-17",869,"rel_upstream_hardware",-0.0652711592225922,44
"AIT-2024-06-004","2024-06-17",869,"rel_upstream_cloud",-0.0214941163457376,44
"AIT-2024-06-004","2024-06-17",869,"rel_downstream_integrator",0.00811651600569685,44
"AIT-2024-06-004","2024-06-17",869,"rel_downstream_deployer",-0.0625541951377528,44
"AIT-2024-06-004","2024-06-17",869,"rel_downstream_enabler",0.151152483935631,44
"AIT-2024-06-004","2024-06-17",869,"rel_competitor",0.0573504609357652,44
"AIT-2024-06-005","2024-06-20",871,"rel_upstream_hardware",-0.166536409332334,44
"AIT-2024-06-005","2024-06-20",871,"rel_upstream_cloud",0.00371779798334929,44
"AIT-2024-06-005","2024-06-20",871,"rel_downstream_integrator",-0.0605829480758772,44
"AIT-2024-06-005","2024-06-20",871,"rel_downstream_deployer",-0.0886418028034033,44
"AIT-2024-06-005","2024-06-20",871,"rel_downstream_enabler",0.0978184055013423,44
"AIT-2024-06-005","2024-06-20",871,"rel_competitor",-0.0178177340655176,44
"AIT-2024-06-005","2024-06-20",871,"rel_is_investor",-0.0329617071666014,44
"AIT-2024-07-001","2024-07-18",890,"rel_upstream_hardware",-0.0680283169346184,44
"AIT-2024-07-001","2024-07-18",890,"rel_upstream_cloud",-0.111708359169506,44
"AIT-2024-07-001","2024-07-18",890,"rel_downstream_integrator",-0.0676949399875982,44
"AIT-2024-07-001","2024-07-18",890,"rel_downstream_deployer",0.073538088001526,44
"AIT-2024-07-001","2024-07-18",890,"rel_downstream_enabler",0.00563807864115098,44
"AIT-2024-07-001","2024-07-18",890,"rel_competitor",-0.0160062082235763,44
"AIT-2024-07-001","2024-07-18",890,"rel_is_investor",0.130517738403431,44
"AIT-2024-07-002","2024-07-23",893,"rel_upstream_hardware",0.036349285033089,44
"AIT-2024-07-002","2024-07-23",893,"rel_upstream_cloud",0.189521517567304,44
"AIT-2024-07-002","2024-07-23",893,"rel_downstream_integrator",0.10966003775592,44
"AIT-2024-07-002","2024-07-23",893,"rel_downstream_deployer",0.252162303014234,44
"AIT-2024-07-002","2024-07-23",893,"rel_downstream_enabler",0.141302175478363,44
"AIT-2024-07-002","2024-07-23",893,"rel_competitor",-0.223199285795253,44
"AIT-2024-07-002","2024-07-23",893,"rel_is_owner",0.16378638966356,44
"AIT-2024-07-006","2024-07-23",893,"rel_upstream_hardware",-0.0138402341871738,44
"AIT-2024-07-006","2024-07-23",893,"rel_upstream_cloud",-0.0484794651174367,44
"AIT-2024-07-006","2024-07-23",893,"rel_downstream_integrator",0.0646539117822415,44
"AIT-2024-07-006","2024-07-23",893,"rel_downstream_deployer",0.1355659030107,44
"AIT-2024-07-006","2024-07-23",893,"rel_downstream_enabler",0.0907085797506805,44
"AIT-2024-07-006","2024-07-23",893,"rel_competitor",-0.0211280796699104,44
"AIT-2024-07-007","2024-07-24",894,"rel_upstream_hardware",-0.0144682386587038,44
"AIT-2024-07-007","2024-07-24",894,"rel_upstream_cloud",-0.0462919756712368,44
"AIT-2024-07-007","2024-07-24",894,"rel_downstream_integrator",0.0513284872946728,44
"AIT-2024-07-007","2024-07-24",894,"rel_downstream_deployer",0.118660126895942,44
"AIT-2024-07-007","2024-07-24",894,"rel_downstream_enabler",0.0879754238346634,44
"AIT-2024-07-007","2024-07-24",894,"rel_competitor",-0.0145595992697726,44
"AIT-2024-07-007","2024-07-24",894,"rel_is_investor",-0.0573102317335844,44
"AIT-2024-07-008","2024-07-30",898,"rel_upstream_hardware",-0.0105845607742862,44
"AIT-2024-07-008","2024-07-30",898,"rel_upstream_cloud",-0.0796017060230668,44
"AIT-2024-07-008","2024-07-30",898,"rel_downstream_integrator",0.0422425914418427,44
"AIT-2024-07-008","2024-07-30",898,"rel_downstream_deployer",-0.023562828155151,44
"AIT-2024-07-008","2024-07-30",898,"rel_downstream_enabler",0.0756345598784215,44
"AIT-2024-07-008","2024-07-30",898,"rel_competitor",0.0428804662024737,44
"AIT-2024-08-001","2024-08-01",900,"rel_upstream_hardware",-0.00903406146653632,44
"AIT-2024-08-001","2024-08-01",900,"rel_upstream_cloud",-0.073476707172499,44
"AIT-2024-08-001","2024-08-01",900,"rel_downstream_integrator",0.0767840528156631,44
"AIT-2024-08-001","2024-08-01",900,"rel_downstream_deployer",-0.0220186039216455,44
"AIT-2024-08-001","2024-08-01",900,"rel_downstream_enabler",0.0567906887517769,44
"AIT-2024-08-001","2024-08-01",900,"rel_competitor",0.0837536248514089,44
"AIT-2024-08-002","2024-08-06",903,"rel_upstream_hardware",0.0206736275940237,44
"AIT-2024-08-002","2024-08-06",903,"rel_upstream_cloud",-0.106204974426908,44
"AIT-2024-08-002","2024-08-06",903,"rel_downstream_integrator",0.122720932898419,44
"AIT-2024-08-002","2024-08-06",903,"rel_downstream_deployer",-0.0829320554822746,44
"AIT-2024-08-002","2024-08-06",903,"rel_downstream_enabler",0.0646347833749982,44
"AIT-2024-08-002","2024-08-06",903,"rel_competitor",0.0676922497455213,44
"AIT-2024-08-002","2024-08-06",903,"rel_is_investor",-0.00499518041043973,44
"AIT-2024-08-003","2024-08-13",908,"rel_upstream_hardware",0.0614551942134799,44
"AIT-2024-08-003","2024-08-13",908,"rel_upstream_cloud",-0.0563343190062903,44
"AIT-2024-08-003","2024-08-13",908,"rel_downstream_integrator",0.0950846116213044,44
"AIT-2024-08-003","2024-08-13",908,"rel_downstream_deployer",-0.0709375543160046,44
"AIT-2024-08-003","2024-08-13",908,"rel_downstream_enabler",0.0827111037771399,44
"AIT-2024-08-003","2024-08-13",908,"rel_competitor",0.0859918553439527,44
"AIT-2024-08-003","2024-08-13",908,"rel_is_owner",0.0574855050603154,44
"AIT-2024-08-004","2024-08-13",908,"rel_upstream_hardware",0.0683501665784846,44
"AIT-2024-08-004","2024-08-13",908,"rel_upstream_cloud",-0.0953783196706693,44
"AIT-2024-08-004","2024-08-13",908,"rel_downstream_integrator",0.107273552381739,44
"AIT-2024-08-004","2024-08-13",908,"rel_downstream_deployer",-0.0719228508479876,44
"AIT-2024-08-004","2024-08-13",908,"rel_downstream_enabler",0.0857984117487783,44
"AIT-2024-08-004","2024-08-13",908,"rel_competitor",0.126507769890234,44
"AIT-2024-08-004","2024-08-13",908,"rel_is_investor",0.0886123715911173,44
"AIT-2024-08-006","2024-08-27",918,"rel_upstream_hardware",-0.0490991802466558,44
"AIT-2024-08-006","2024-08-27",918,"rel_upstream_cloud",0.0795008151836238,44
"AIT-2024-08-006","2024-08-27",918,"rel_downstream_integrator",0.0305928608165408,44
"AIT-2024-08-006","2024-08-27",918,"rel_downstream_deployer",0.0710515026380679,44
"AIT-2024-08-006","2024-08-27",918,"rel_downstream_enabler",-0.0480368633718843,44
"AIT-2024-08-006","2024-08-27",918,"rel_competitor",-0.0539917988611731,44
"AIT-2024-08-006","2024-08-27",918,"rel_is_owner",-0.142230788796104,44
"AIT-2024-09-002","2024-09-12",929,"rel_upstream_hardware",-0.108672908260418,44
"AIT-2024-09-002","2024-09-12",929,"rel_upstream_cloud",0.0776252723112218,44
"AIT-2024-09-002","2024-09-12",929,"rel_downstream_integrator",0.0236824017366009,44
"AIT-2024-09-002","2024-09-12",929,"rel_downstream_deployer",0.119333220302399,44
"AIT-2024-09-002","2024-09-12",929,"rel_downstream_enabler",-0.0784288222238112,44
"AIT-2024-09-002","2024-09-12",929,"rel_competitor",-0.176967405200966,44
"AIT-2024-09-002","2024-09-12",929,"rel_is_investor",-0.0557596797521321,44
"AIT-2024-09-010","2024-09-17",932,"rel_upstream_hardware",-0.0946959160097763,44
"AIT-2024-09-010","2024-09-17",932,"rel_upstream_cloud",0.0356378115428775,44
"AIT-2024-09-010","2024-09-17",932,"rel_downstream_integrator",0.000995282507119588,44
"AIT-2024-09-010","2024-09-17",932,"rel_downstream_deployer",0.12411538188541,44
"AIT-2024-09-010","2024-09-17",932,"rel_downstream_enabler",-0.0719073780730001,44
"AIT-2024-09-010","2024-09-17",932,"rel_competitor",-0.0610320074264604,44
"AIT-2024-09-010","2024-09-17",932,"rel_is_investor",-0.0399953941666819,44
"AIT-2024-09-008","2024-09-18",933,"rel_upstream_hardware",-0.117516169233449,44
"AIT-2024-09-008","2024-09-18",933,"rel_upstream_cloud",0.0334173809047667,44
"AIT-2024-09-008","2024-09-18",933,"rel_downstream_integrator",-0.021704313083239,44
"AIT-2024-09-008","2024-09-18",933,"rel_downstream_deployer",0.115233875483168,44
"AIT-2024-09-008","2024-09-18",933,"rel_downstream_enabler",-0.0603156077282433,44
"AIT-2024-09-008","2024-09-18",933,"rel_competitor",-0.0893601549251584,44
"AIT-2024-09-003","2024-09-19",934,"rel_upstream_hardware",-0.104666561281783,44
"AIT-2024-09-003","2024-09-19",934,"rel_upstream_cloud",0.0201405443301996,44
"AIT-2024-09-003","2024-09-19",934,"rel_downstream_integrator",-0.00228237040950544,44
"AIT-2024-09-003","2024-09-19",934,"rel_downstream_deployer",0.106267138111628,44
"AIT-2024-09-003","2024-09-19",934,"rel_downstream_enabler",-0.0441191220758672,44
"AIT-2024-09-003","2024-09-19",934,"rel_competitor",-0.105495462216818,44
"AIT-2024-09-007","2024-09-24",937,"rel_upstream_hardware",-0.089521467609067,44
"AIT-2024-09-007","2024-09-24",937,"rel_upstream_cloud",0.0294327785785547,44
"AIT-2024-09-007","2024-09-24",937,"rel_downstream_integrator",0.0161028419674478,44
"AIT-2024-09-007","2024-09-24",937,"rel_downstream_deployer",0.113164067998944,44
"AIT-2024-09-007","2024-09-24",937,"rel_downstream_enabler",-0.0309854955603596,44
"AIT-2024-09-007","2024-09-24",937,"rel_competitor",-0.105397941775109,44
"AIT-2024-09-007","2024-09-24",937,"rel_is_owner",-0.0815010478243535,44
"AIT-2024-09-006","2024-09-25",938,"rel_upstream_hardware",-0.0635533585835179,44
"AIT-2024-09-006","2024-09-25",938,"rel_upstream_cloud",0.0228272387391021,44
"AIT-2024-09-006","2024-09-25",938,"rel_downstream_integrator",0.00616467143336279,44
"AIT-2024-09-006","2024-09-25",938,"rel_downstream_deployer",0.058556291717774,44
"AIT-2024-09-006","2024-09-25",938,"rel_downstream_enabler",-0.0447359161695133,44
"AIT-2024-09-006","2024-09-25",938,"rel_competitor",-0.0273912963278587,44
"AIT-2024-09-006","2024-09-25",938,"rel_is_owner",-0.0726875037590774,44
"AIT-2024-10-001","2024-10-02",943,"rel_upstream_hardware",-0.0517853289731724,44
"AIT-2024-10-001","2024-10-02",943,"rel_upstream_cloud",0.0516922776731647,44
"AIT-2024-10-001","2024-10-02",943,"rel_downstream_integrator",0.02624005994756,44
"AIT-2024-10-001","2024-10-02",943,"rel_downstream_deployer",-0.0275628668976642,44
"AIT-2024-10-001","2024-10-02",943,"rel_downstream_enabler",-0.0915297255754782,44
"AIT-2024-10-001","2024-10-02",943,"rel_competitor",0.00823155840758265,44
"AIT-2024-10-010","2024-10-22",957,"rel_upstream_hardware",-0.208369802484141,44
"AIT-2024-10-010","2024-10-22",957,"rel_upstream_cloud",0.0613990098207459,44
"AIT-2024-10-010","2024-10-22",957,"rel_downstream_integrator",0.0846908414730621,44
"AIT-2024-10-010","2024-10-22",957,"rel_downstream_deployer",-0.0460629869666116,44
"AIT-2024-10-010","2024-10-22",957,"rel_downstream_enabler",-0.1251436233032,44
"AIT-2024-10-010","2024-10-22",957,"rel_competitor",-0.090550113971765,44
"AIT-2024-10-011","2024-10-22",957,"rel_upstream_hardware",-0.163873397913838,44
"AIT-2024-10-011","2024-10-22",957,"rel_upstream_cloud",-0.0505094256055366,44
"AIT-2024-10-011","2024-10-22",957,"rel_downstream_integrator",0.139393854215488,44
"AIT-2024-10-011","2024-10-22",957,"rel_downstream_deployer",0.00474952814526308,44
"AIT-2024-10-011","2024-10-22",957,"rel_downstream_enabler",-0.0868971425840269,44
"AIT-2024-10-011","2024-10-22",957,"rel_competitor",-0.112515647476111,44
"AIT-2024-10-011","2024-10-22",957,"rel_is_investor",0.21649767740216,44
"AIT-2024-10-013","2024-10-30",963,"rel_upstream_hardware",-0.174192597388229,44
"AIT-2024-10-013","2024-10-30",963,"rel_upstream_cloud",-0.0331892572389514,44
"AIT-2024-10-013","2024-10-30",963,"rel_downstream_integrator",0.155285719793523,44
"AIT-2024-10-013","2024-10-30",963,"rel_downstream_deployer",-0.0393534862485318,44
"AIT-2024-10-013","2024-10-30",963,"rel_downstream_enabler",-0.0150504986152211,44
"AIT-2024-10-013","2024-10-30",963,"rel_competitor",-0.01225077182073,44
"AIT-2024-11-007","2024-11-04",966,"rel_upstream_hardware",-0.0660358581299379,44
"AIT-2024-11-007","2024-11-04",966,"rel_upstream_cloud",-0.16365903760737,44
"AIT-2024-11-007","2024-11-04",966,"rel_downstream_integrator",0.213380847341994,44
"AIT-2024-11-007","2024-11-04",966,"rel_downstream_deployer",-0.00141007997949471,44
"AIT-2024-11-007","2024-11-04",966,"rel_downstream_enabler",0.0380393323901171,44
"AIT-2024-11-007","2024-11-04",966,"rel_competitor",0.0867099933010148,44
"AIT-2024-11-007","2024-11-04",966,"rel_is_investor",0.129388302472899,44
"AIT-2024-11-002","2024-11-12",972,"rel_upstream_hardware",-0.0337375276859056,44
"AIT-2024-11-002","2024-11-12",972,"rel_upstream_cloud",-0.0127246767133085,44
"AIT-2024-11-002","2024-11-12",972,"rel_downstream_integrator",0.0354147839238243,44
"AIT-2024-11-002","2024-11-12",972,"rel_downstream_deployer",-0.0527163789191231,44
"AIT-2024-11-002","2024-11-12",972,"rel_downstream_enabler",0.0292540538467526,44
"AIT-2024-11-002","2024-11-12",972,"rel_competitor",0.168627356977933,44
"AIT-2024-11-005","2024-11-18",976,"rel_upstream_hardware",0.039866410286377,44
"AIT-2024-11-005","2024-11-18",976,"rel_upstream_cloud",0.021390064811431,44
"AIT-2024-11-005","2024-11-18",976,"rel_downstream_integrator",0.037331918872486,44
"AIT-2024-11-005","2024-11-18",976,"rel_downstream_deployer",-0.0210071736820065,44
"AIT-2024-11-005","2024-11-18",976,"rel_downstream_enabler",0.092887971143336,44
"AIT-2024-11-005","2024-11-18",976,"rel_competitor",0.135254761528804,44
"AIT-2024-11-005","2024-11-18",976,"rel_is_investor",-0.0597965905745793,44
"AIT-2024-11-001","2024-11-29",984,"rel_upstream_hardware",0.12390922506878,44
"AIT-2024-11-001","2024-11-29",984,"rel_upstream_cloud",0.0227886576370275,44
"AIT-2024-11-001","2024-11-29",984,"rel_downstream_integrator",0.0439662981425926,44
"AIT-2024-11-001","2024-11-29",984,"rel_downstream_deployer",-0.000190704453873565,44
"AIT-2024-11-001","2024-11-29",984,"rel_downstream_enabler",0.0729421467218587,44
"AIT-2024-11-001","2024-11-29",984,"rel_competitor",0.0531587106391034,44
"AIT-2024-12-001","2024-12-03",986,"rel_upstream_hardware",0.0760795332348435,44
"AIT-2024-12-001","2024-12-03",986,"rel_upstream_cloud",0.0726844580506051,44
"AIT-2024-12-001","2024-12-03",986,"rel_downstream_integrator",0.0304517033119309,44
"AIT-2024-12-001","2024-12-03",986,"rel_downstream_deployer",0.00883072620522612,44
"AIT-2024-12-001","2024-12-03",986,"rel_downstream_enabler",0.0556242498069584,44
"AIT-2024-12-001","2024-12-03",986,"rel_competitor",-0.0672671245081803,44
"AIT-2024-12-002","2024-12-05",988,"rel_upstream_hardware",0.126548533332822,44
"AIT-2024-12-002","2024-12-05",988,"rel_upstream_cloud",0.155281298680225,44
"AIT-2024-12-002","2024-12-05",988,"rel_downstream_integrator",0.016830679732241,44
"AIT-2024-12-002","2024-12-05",988,"rel_downstream_deployer",0.0223465336058194,44
"AIT-2024-12-002","2024-12-05",988,"rel_downstream_enabler",0.0776471939247424,44
"AIT-2024-12-002","2024-12-05",988,"rel_competitor",-0.097374294418736,44
"AIT-2024-12-002","2024-12-05",988,"rel_is_investor",-0.13372380210673,44
"AIT-2024-12-009","2024-12-06",989,"rel_upstream_hardware",0.140838689070478,44
"AIT-2024-12-009","2024-12-06",989,"rel_upstream_cloud",0.137593350201517,44
"AIT-2024-12-009","2024-12-06",989,"rel_downstream_integrator",-0.0352642347958031,44
"AIT-2024-12-009","2024-12-06",989,"rel_downstream_deployer",0.00923491347787925,44
"AIT-2024-12-009","2024-12-06",989,"rel_downstream_enabler",0.0362249595826928,44
"AIT-2024-12-009","2024-12-06",989,"rel_competitor",-0.0156283223960013,44
"AIT-2024-12-009","2024-12-06",989,"rel_is_owner",0.087390587049097,44
"AIT-2024-12-004","2024-12-11",992,"rel_upstream_hardware",0.120909016478351,44
"AIT-2024-12-004","2024-12-11",992,"rel_upstream_cloud",0.0257151947493353,44
"AIT-2024-12-004","2024-12-11",992,"rel_downstream_integrator",-0.00484688472891816,44
"AIT-2024-12-004","2024-12-11",992,"rel_downstream_deployer",-0.0303960595832009,44
"AIT-2024-12-004","2024-12-11",992,"rel_downstream_enabler",0.0563532215604653,44
"AIT-2024-12-004","2024-12-11",992,"rel_competitor",-0.128311177697028,44
"AIT-2024-12-004","2024-12-11",992,"rel_is_owner",-0.0427756316056658,44
"AIT-2024-12-008","2024-12-12",993,"rel_upstream_hardware",0.15623386320224,44
"AIT-2024-12-008","2024-12-12",993,"rel_upstream_cloud",0.0341623729960967,44
"AIT-2024-12-008","2024-12-12",993,"rel_downstream_integrator",0.00555925245842218,44
"AIT-2024-12-008","2024-12-12",993,"rel_downstream_deployer",0.00283980855958332,44
"AIT-2024-12-008","2024-12-12",993,"rel_downstream_enabler",0.0672492524351713,44
"AIT-2024-12-008","2024-12-12",993,"rel_competitor",-0.00569114599496242,44
"AIT-2024-12-008","2024-12-12",993,"rel_is_owner",-0.0442038469044335,44
"AIT-2024-12-006","2024-12-16",995,"rel_upstream_hardware",0.0968928187420007,44
"AIT-2024-12-006","2024-12-16",995,"rel_upstream_cloud",0.0212154975081977,44
"AIT-2024-12-006","2024-12-16",995,"rel_downstream_integrator",-0.0109673542519942,44
"AIT-2024-12-006","2024-12-16",995,"rel_downstream_deployer",-0.0207907348463157,44
"AIT-2024-12-006","2024-12-16",995,"rel_downstream_enabler",0.024270381679071,44
"AIT-2024-12-006","2024-12-16",995,"rel_competitor",-0.0186967569352699,44
"AIT-2024-12-006","2024-12-16",995,"rel_is_owner",0.0234816406680649,44
"AIT-2024-12-005","2024-12-19",998,"rel_upstream_hardware",0.0572981984364379,44
"AIT-2024-12-005","2024-12-19",998,"rel_upstream_cloud",0.119976759742275,44
"AIT-2024-12-005","2024-12-19",998,"rel_downstream_integrator",-0.0512752687457906,44
"AIT-2024-12-005","2024-12-19",998,"rel_downstream_deployer",-0.024460087253738,44
"AIT-2024-12-005","2024-12-19",998,"rel_downstream_enabler",-0.012113741478751,44
"AIT-2024-12-005","2024-12-19",998,"rel_competitor",0.00570194306043623,44
"AIT-2024-12-005","2024-12-19",998,"rel_is_owner",-0.0457569902598818,44
"AIT-2024-12-013","2024-12-26",1002,"rel_upstream_hardware",-0.0259949245504937,44
"AIT-2024-12-013","2024-12-26",1002,"rel_upstream_cloud",0.00479777305365191,44
"AIT-2024-12-013","2024-12-26",1002,"rel_downstream_integrator",-0.023291885493558,44
"AIT-2024-12-013","2024-12-26",1002,"rel_downstream_deployer",-0.00672441744440338,44
"AIT-2024-12-013","2024-12-26",1002,"rel_downstream_enabler",-0.021441754811897,44
"AIT-2024-12-013","2024-12-26",1002,"rel_competitor",0.0683956599492352,44
"AIT-2025-01-002","2025-01-21",1017,"rel_upstream_hardware",0.098390488464174,44
"AIT-2025-01-002","2025-01-21",1017,"rel_upstream_cloud",-0.106427921455955,44
"AIT-2025-01-002","2025-01-21",1017,"rel_downstream_integrator",0.129590623814766,44
"AIT-2025-01-002","2025-01-21",1017,"rel_downstream_deployer",0.200049947347837,44
"AIT-2025-01-002","2025-01-21",1017,"rel_downstream_enabler",0.0793700351933053,44
"AIT-2025-01-002","2025-01-21",1017,"rel_competitor",0.0764233813889183,44
"AIT-2025-01-002","2025-01-21",1017,"rel_is_owner",0.150007301423216,44
"AIT-2025-01-003","2025-01-21",1017,"rel_upstream_hardware",0.0893011514981263,44
"AIT-2025-01-003","2025-01-21",1017,"rel_upstream_cloud",-0.0884655327259729,44
"AIT-2025-01-003","2025-01-21",1017,"rel_downstream_integrator",0.123172373232561,44
"AIT-2025-01-003","2025-01-21",1017,"rel_downstream_deployer",0.182982216251686,44
"AIT-2025-01-003","2025-01-21",1017,"rel_downstream_enabler",0.074500980095029,44
"AIT-2025-01-003","2025-01-21",1017,"rel_competitor",0.119306200837923,44
"AIT-2025-01-005","2025-01-27",1021,"rel_upstream_hardware",0.0952335136569921,44
"AIT-2025-01-005","2025-01-27",1021,"rel_upstream_cloud",-0.137720946324381,44
"AIT-2025-01-005","2025-01-27",1021,"rel_downstream_integrator",0.0518915921652883,44
"AIT-2025-01-005","2025-01-27",1021,"rel_downstream_deployer",0.120751658403672,44
"AIT-2025-01-005","2025-01-27",1021,"rel_downstream_enabler",-0.00128034148709756,44
"AIT-2025-01-005","2025-01-27",1021,"rel_competitor",0.0663718720334454,44
"AIT-2025-01-006","2025-01-28",1022,"rel_upstream_hardware",0.109684963368545,44
"AIT-2025-01-006","2025-01-28",1022,"rel_upstream_cloud",-0.0990536226498,44
"AIT-2025-01-006","2025-01-28",1022,"rel_downstream_integrator",0.0596173540285435,44
"AIT-2025-01-006","2025-01-28",1022,"rel_downstream_deployer",0.0986471398587512,44
"AIT-2025-01-006","2025-01-28",1022,"rel_downstream_enabler",0.019648233811948,44
"AIT-2025-01-006","2025-01-28",1022,"rel_competitor",0.00074004193464745,44
"AIT-2025-01-007","2025-01-31",1025,"rel_upstream_hardware",0.111488832403694,44
"AIT-2025-01-007","2025-01-31",1025,"rel_upstream_cloud",-0.130476165141318,44
"AIT-2025-01-007","2025-01-31",1025,"rel_downstream_integrator",0.0611961212104449,44
"AIT-2025-01-007","2025-01-31",1025,"rel_downstream_deployer",0.096005248358688,44
"AIT-2025-01-007","2025-01-31",1025,"rel_downstream_enabler",-0.0293831932129456,44
"AIT-2025-01-007","2025-01-31",1025,"rel_competitor",0.0391277982652123,44
"AIT-2025-01-007","2025-01-31",1025,"rel_is_investor",0.0461525864180194,44
"AIT-2025-02-004","2025-02-05",1028,"rel_upstream_hardware",-0.0179052578048724,44
"AIT-2025-02-004","2025-02-05",1028,"rel_upstream_cloud",0.00670335935980238,44
"AIT-2025-02-004","2025-02-05",1028,"rel_downstream_integrator",-0.0646502146625778,44
"AIT-2025-02-004","2025-02-05",1028,"rel_downstream_deployer",-0.0380261824502481,44
"AIT-2025-02-004","2025-02-05",1028,"rel_downstream_enabler",-0.0831885241768712,44
"AIT-2025-02-004","2025-02-05",1028,"rel_competitor",-0.0229803040656174,44
"AIT-2025-02-004","2025-02-05",1028,"rel_is_owner",-0.235587838880682,44
"AIT-2025-02-001","2025-02-19",1037,"rel_upstream_hardware",-0.0207078230725521,44
"AIT-2025-02-001","2025-02-19",1037,"rel_upstream_cloud",0.0838794552543022,44
"AIT-2025-02-001","2025-02-19",1037,"rel_downstream_integrator",-0.108414040496913,44
"AIT-2025-02-001","2025-02-19",1037,"rel_downstream_deployer",-0.0858485329291083,44
"AIT-2025-02-001","2025-02-19",1037,"rel_downstream_enabler",-0.165615723125004,44
"AIT-2025-02-001","2025-02-19",1037,"rel_competitor",-0.254020723714537,44
"AIT-2025-02-001","2025-02-19",1037,"rel_is_investor",-0.0374790145464727,44
"AIT-2025-02-002","2025-02-24",1040,"rel_upstream_hardware",-0.13439666343801,44
"AIT-2025-02-002","2025-02-24",1040,"rel_upstream_cloud",0.146485459172121,44
"AIT-2025-02-002","2025-02-24",1040,"rel_downstream_integrator",-0.114813451711191,44
"AIT-2025-02-002","2025-02-24",1040,"rel_downstream_deployer",-0.124339715013479,44
"AIT-2025-02-002","2025-02-24",1040,"rel_downstream_enabler",-0.196314797590267,44
"AIT-2025-02-002","2025-02-24",1040,"rel_competitor",-0.162119301957565,44
"AIT-2025-02-002","2025-02-24",1040,"rel_is_investor",-0.147405860512416,44
"AIT-2025-02-006","2025-02-26",1042,"rel_upstream_hardware",-0.175257609173543,44
"AIT-2025-02-006","2025-02-26",1042,"rel_upstream_cloud",-0.0148004752779983,44
"AIT-2025-02-006","2025-02-26",1042,"rel_downstream_integrator",-0.120365279603932,44
"AIT-2025-02-006","2025-02-26",1042,"rel_downstream_deployer",-0.133078241339471,44
"AIT-2025-02-006","2025-02-26",1042,"rel_downstream_enabler",-0.223324561273194,44
"AIT-2025-02-006","2025-02-26",1042,"rel_competitor",-0.175005329930052,44
"AIT-2025-02-006","2025-02-26",1042,"rel_is_owner",-0.130451328564719,44
"AIT-2025-02-007","2025-02-27",1043,"rel_upstream_hardware",-0.15756894047399,44
"AIT-2025-02-007","2025-02-27",1043,"rel_upstream_cloud",0.0206608235454264,44
"AIT-2025-02-007","2025-02-27",1043,"rel_downstream_integrator",-0.0996954270768779,44
"AIT-2025-02-007","2025-02-27",1043,"rel_downstream_deployer",-0.0937788203377775,44
"AIT-2025-02-007","2025-02-27",1043,"rel_downstream_enabler",-0.191135905200786,44
"AIT-2025-02-007","2025-02-27",1043,"rel_competitor",-0.096811016049776,44
"AIT-2025-02-007","2025-02-27",1043,"rel_is_investor",0.0465289894579345,44
"AIT-2025-03-005","2025-03-06",1048,"rel_upstream_hardware",-0.0504806693101594,44
"AIT-2025-03-005","2025-03-06",1048,"rel_upstream_cloud",0.0545472876486302,44
"AIT-2025-03-005","2025-03-06",1048,"rel_downstream_integrator",0.0219963108431379,44
"AIT-2025-03-005","2025-03-06",1048,"rel_downstream_deployer",-0.0554727169055767,44
"AIT-2025-03-005","2025-03-06",1048,"rel_downstream_enabler",-0.110212332157628,44
"AIT-2025-03-005","2025-03-06",1048,"rel_competitor",-0.103781883977538,44
"AIT-2025-03-001","2025-03-25",1061,"rel_upstream_hardware",-0.0463586292345457,44
"AIT-2025-03-001","2025-03-25",1061,"rel_upstream_cloud",0.0705144468870561,44
"AIT-2025-03-001","2025-03-25",1061,"rel_downstream_integrator",-0.0244670600570796,44
"AIT-2025-03-001","2025-03-25",1061,"rel_downstream_deployer",-0.125388397343704,44
"AIT-2025-03-001","2025-03-25",1061,"rel_downstream_enabler",-0.0915235235344495,44
"AIT-2025-03-001","2025-03-25",1061,"rel_competitor",-0.041142684533808,44
"AIT-2025-03-001","2025-03-25",1061,"rel_is_owner",-0.0855423996848876,44
"AIT-2025-03-003","2025-03-25",1061,"rel_upstream_hardware",-0.0456543907765193,44
"AIT-2025-03-003","2025-03-25",1061,"rel_upstream_cloud",0.0327087076981368,44
"AIT-2025-03-003","2025-03-25",1061,"rel_downstream_integrator",-0.0227548293705798,44
"AIT-2025-03-003","2025-03-25",1061,"rel_downstream_deployer",-0.12246663603669,44
"AIT-2025-03-003","2025-03-25",1061,"rel_downstream_enabler",-0.091995672985835,44
"AIT-2025-03-003","2025-03-25",1061,"rel_competitor",-0.0361052898553407,44
"AIT-2025-03-003","2025-03-25",1061,"rel_is_investor",0.0335923178944464,44
"AIT-2025-03-007","2025-03-25",1061,"rel_upstream_hardware",-0.023424257666845,44
"AIT-2025-03-007","2025-03-25",1061,"rel_upstream_cloud",0.0180306488822335,44
"AIT-2025-03-007","2025-03-25",1061,"rel_downstream_integrator",-0.00481528603462085,44
"AIT-2025-03-007","2025-03-25",1061,"rel_downstream_deployer",-0.114856741113443,44
"AIT-2025-03-007","2025-03-25",1061,"rel_downstream_enabler",-0.06877331037331,44
"AIT-2025-03-007","2025-03-25",1061,"rel_competitor",0.0239122087766024,44
"AIT-2025-04-007","2025-03-31",1065,"rel_upstream_hardware",-0.0466024055967034,44
"AIT-2025-04-007","2025-03-31",1065,"rel_upstream_cloud",0.0763133796937605,44
"AIT-2025-04-007","2025-03-31",1065,"rel_downstream_integrator",-0.00748822250600297,44
"AIT-2025-04-007","2025-03-31",1065,"rel_downstream_deployer",-0.0817566789779471,44
"AIT-2025-04-007","2025-03-31",1065,"rel_downstream_enabler",-0.0640812834049119,44
"AIT-2025-04-007","2025-03-31",1065,"rel_competitor",-0.0306638024598708,44
"AIT-2025-04-006","2025-04-03",1068,"rel_upstream_hardware",0.00479380247123702,44
"AIT-2025-04-006","2025-04-03",1068,"rel_upstream_cloud",0.113927406207267,44
"AIT-2025-04-006","2025-04-03",1068,"rel_downstream_integrator",0.0114641248070528,44
"AIT-2025-04-006","2025-04-03",1068,"rel_downstream_deployer",-0.0434528483665836,44
"AIT-2025-04-006","2025-04-03",1068,"rel_downstream_enabler",-0.00695149408403284,44
"AIT-2025-04-006","2025-04-03",1068,"rel_competitor",0.000895913863833924,44
"AIT-2025-04-001","2025-04-07",1070,"rel_upstream_hardware",0.0825221557109136,44
"AIT-2025-04-001","2025-04-07",1070,"rel_upstream_cloud",0.111473651454209,44
"AIT-2025-04-001","2025-04-07",1070,"rel_downstream_integrator",0.06746202497569,44
"AIT-2025-04-001","2025-04-07",1070,"rel_downstream_deployer",0.071046525663653,44
"AIT-2025-04-001","2025-04-07",1070,"rel_downstream_enabler",0.0609773192110219,44
"AIT-2025-04-001","2025-04-07",1070,"rel_competitor",0.0545357350433868,44
"AIT-2025-04-001","2025-04-07",1070,"rel_is_owner",0.160534496894923,44
"AIT-2025-04-004","2025-04-14",1075,"rel_upstream_hardware",0.0988361112761414,44
"AIT-2025-04-004","2025-04-14",1075,"rel_upstream_cloud",-0.00387490371793132,44
"AIT-2025-04-004","2025-04-14",1075,"rel_downstream_integrator",0.0581416319402584,44
"AIT-2025-04-004","2025-04-14",1075,"rel_downstream_deployer",0.0963612722265675,44
"AIT-2025-04-004","2025-04-14",1075,"rel_downstream_enabler",0.0674739141143633,44
"AIT-2025-04-004","2025-04-14",1075,"rel_competitor",0.0665264147010378,44
"AIT-2025-04-004","2025-04-14",1075,"rel_is_investor",-0.00269282388801529,44
"AIT-2025-04-005","2025-04-16",1077,"rel_upstream_hardware",0.118530607117236,44
"AIT-2025-04-005","2025-04-16",1077,"rel_upstream_cloud",0.00453278134246841,44
"AIT-2025-04-005","2025-04-16",1077,"rel_downstream_integrator",0.0677895850352048,44
"AIT-2025-04-005","2025-04-16",1077,"rel_downstream_deployer",0.0777134552730965,44
"AIT-2025-04-005","2025-04-16",1077,"rel_downstream_enabler",0.0906063977037667,44
"AIT-2025-04-005","2025-04-16",1077,"rel_competitor",0.0894740552020336,44
"AIT-2025-04-005","2025-04-16",1077,"rel_is_investor",-0.00185179465716324,44
"AIT-2025-04-002","2025-04-17",1078,"rel_upstream_hardware",0.113792356441592,44
"AIT-2025-04-002","2025-04-17",1078,"rel_upstream_cloud",0.0566242120886951,44
"AIT-2025-04-002","2025-04-17",1078,"rel_downstream_integrator",0.0588492097939478,44
"AIT-2025-04-002","2025-04-17",1078,"rel_downstream_deployer",0.0870632773144068,44
"AIT-2025-04-002","2025-04-17",1078,"rel_downstream_enabler",0.0761200786646683,44
"AIT-2025-04-002","2025-04-17",1078,"rel_competitor",0.0976935337871442,44
"AIT-2025-04-002","2025-04-17",1078,"rel_is_owner",0.0130449476402932,44
"AIT-2025-04-008","2025-04-29",1085,"rel_upstream_hardware",0.13857825662572,44
"AIT-2025-04-008","2025-04-29",1085,"rel_upstream_cloud",0.038372120469572,44
"AIT-2025-04-008","2025-04-29",1085,"rel_downstream_integrator",0.0771141539371423,44
"AIT-2025-04-008","2025-04-29",1085,"rel_downstream_deployer",0.00176627367829207,44
"AIT-2025-04-008","2025-04-29",1085,"rel_downstream_enabler",0.103371267532964,44
"AIT-2025-04-008","2025-04-29",1085,"rel_competitor",0.0621179283891601,44
"AIT-2025-05-002","2025-05-01",1087,"rel_upstream_hardware",0.12686680506072,44
"AIT-2025-05-002","2025-05-01",1087,"rel_upstream_cloud",0.0272058126270261,44
"AIT-2025-05-002","2025-05-01",1087,"rel_downstream_integrator",0.0880547752618959,44
"AIT-2025-05-002","2025-05-01",1087,"rel_downstream_deployer",-0.0203720585245327,44
"AIT-2025-05-002","2025-05-01",1087,"rel_downstream_enabler",0.12012766491217,44
"AIT-2025-05-002","2025-05-01",1087,"rel_competitor",0.0572629035387604,44
"AIT-2025-05-004","2025-05-20",1100,"rel_upstream_hardware",0.16271046926267,44
"AIT-2025-05-004","2025-05-20",1100,"rel_upstream_cloud",0.0547691489402923,44
"AIT-2025-05-004","2025-05-20",1100,"rel_downstream_integrator",0.0176206611452544,44
"AIT-2025-05-004","2025-05-20",1100,"rel_downstream_deployer",0.00309789017093021,44
"AIT-2025-05-004","2025-05-20",1100,"rel_downstream_enabler",-0.0270398146646926,44
"AIT-2025-05-004","2025-05-20",1100,"rel_competitor",0.038837387171561,44
"AIT-2025-05-004","2025-05-20",1100,"rel_is_owner",0.0633356895512223,44
"AIT-2025-05-012","2025-05-20",1100,"rel_upstream_hardware",0.16271046926267,44
"AIT-2025-05-012","2025-05-20",1100,"rel_upstream_cloud",0.0547691489402923,44
"AIT-2025-05-012","2025-05-20",1100,"rel_downstream_integrator",0.0176206611452544,44
"AIT-2025-05-012","2025-05-20",1100,"rel_downstream_deployer",0.00309789017093021,44
"AIT-2025-05-012","2025-05-20",1100,"rel_downstream_enabler",-0.0270398146646926,44
"AIT-2025-05-012","2025-05-20",1100,"rel_competitor",0.038837387171561,44
"AIT-2025-05-012","2025-05-20",1100,"rel_is_owner",0.0633356895512223,44
"AIT-2025-05-003","2025-05-22",1102,"rel_upstream_hardware",0.171467674977991,44
"AIT-2025-05-003","2025-05-22",1102,"rel_upstream_cloud",-0.0072249024756646,44
"AIT-2025-05-003","2025-05-22",1102,"rel_downstream_integrator",0.0494494219743153,44
"AIT-2025-05-003","2025-05-22",1102,"rel_downstream_deployer",0.0408259415408611,44
"AIT-2025-05-003","2025-05-22",1102,"rel_downstream_enabler",-0.0386287690977064,44
"AIT-2025-05-003","2025-05-22",1102,"rel_competitor",0.125850585259725,44
"AIT-2025-05-003","2025-05-22",1102,"rel_is_investor",-0.0213630401630033,44
"AIT-2025-05-009","2025-05-28",1105,"rel_upstream_hardware",0.156386319496248,44
"AIT-2025-05-009","2025-05-28",1105,"rel_upstream_cloud",0.00642204084562238,44
"AIT-2025-05-009","2025-05-28",1105,"rel_downstream_integrator",0.0131325093862593,44
"AIT-2025-05-009","2025-05-28",1105,"rel_downstream_deployer",0.0743769096700087,44
"AIT-2025-05-009","2025-05-28",1105,"rel_downstream_enabler",-0.0677666854628697,44
"AIT-2025-05-009","2025-05-28",1105,"rel_competitor",0.0699644893743653,44
"AIT-2025-06-002","2025-06-03",1109,"rel_upstream_hardware",0.126432069083722,44
"AIT-2025-06-002","2025-06-03",1109,"rel_upstream_cloud",0.0522728092073045,44
"AIT-2025-06-002","2025-06-03",1109,"rel_downstream_integrator",-0.0280536369693435,44
"AIT-2025-06-002","2025-06-03",1109,"rel_downstream_deployer",0.0764668698970453,44
"AIT-2025-06-002","2025-06-03",1109,"rel_downstream_enabler",-0.0657140539713534,44
"AIT-2025-06-002","2025-06-03",1109,"rel_competitor",0.0536269204615247,44
"AIT-2025-06-003","2025-06-10",1114,"rel_upstream_hardware",0.091355240750399,44
"AIT-2025-06-003","2025-06-10",1114,"rel_upstream_cloud",0.0142406911307513,44
"AIT-2025-06-003","2025-06-10",1114,"rel_downstream_integrator",0.0141659733865083,44
"AIT-2025-06-003","2025-06-10",1114,"rel_downstream_deployer",0.075339476578597,44
"AIT-2025-06-003","2025-06-10",1114,"rel_downstream_enabler",-0.0673482361370266,44
"AIT-2025-06-003","2025-06-10",1114,"rel_competitor",-0.0295626630377362,44
"AIT-2025-06-003","2025-06-10",1114,"rel_is_investor",0.035432406134725,44
"AIT-2025-07-001","2025-07-09",1133,"rel_upstream_hardware",-0.0109557697931775,44
"AIT-2025-07-001","2025-07-09",1133,"rel_upstream_cloud",0.097942575936104,44
"AIT-2025-07-001","2025-07-09",1133,"rel_downstream_integrator",0.0200805899227787,44
"AIT-2025-07-001","2025-07-09",1133,"rel_downstream_deployer",0.065485584634744,44
"AIT-2025-07-001","2025-07-09",1133,"rel_downstream_enabler",-0.0278625313236503,44
"AIT-2025-07-001","2025-07-09",1133,"rel_competitor",0.0582084453298739,44
"AIT-2025-07-001","2025-07-09",1133,"rel_is_investor",0.117877191142371,44
"AIT-2025-07-006","2025-07-11",1135,"rel_upstream_hardware",0.016654122396148,44
"AIT-2025-07-006","2025-07-11",1135,"rel_upstream_cloud",0.0874013313574303,44
"AIT-2025-07-006","2025-07-11",1135,"rel_downstream_integrator",0.0208532978066066,44
"AIT-2025-07-006","2025-07-11",1135,"rel_downstream_deployer",0.0982227140617596,44
"AIT-2025-07-006","2025-07-11",1135,"rel_downstream_enabler",0.0365578463132646,44
"AIT-2025-07-006","2025-07-11",1135,"rel_competitor",0.0519852320779472,44
"AIT-2025-07-005","2025-07-21",1141,"rel_upstream_hardware",0.0756094480469038,44
"AIT-2025-07-005","2025-07-21",1141,"rel_upstream_cloud",0.0255424046711212,44
"AIT-2025-07-005","2025-07-21",1141,"rel_downstream_integrator",0.04533569642481,44
"AIT-2025-07-005","2025-07-21",1141,"rel_downstream_deployer",0.132249757268481,44
"AIT-2025-07-005","2025-07-21",1141,"rel_downstream_enabler",0.0317949898680867,44
"AIT-2025-07-005","2025-07-21",1141,"rel_competitor",0.107114349240986,44
"AIT-2025-07-007","2025-07-28",1146,"rel_upstream_hardware",0.140987684762798,44
"AIT-2025-07-007","2025-07-28",1146,"rel_upstream_cloud",0.0187032282883495,44
"AIT-2025-07-007","2025-07-28",1146,"rel_downstream_integrator",0.0519716706940609,44
"AIT-2025-07-007","2025-07-28",1146,"rel_downstream_deployer",0.134330619414782,44
"AIT-2025-07-007","2025-07-28",1146,"rel_downstream_enabler",0.0469864218913343,44
"AIT-2025-07-007","2025-07-28",1146,"rel_competitor",0.168229559470791,44
"AIT-2025-08-002","2025-08-05",1152,"rel_upstream_hardware",0.174344245618397,44
"AIT-2025-08-002","2025-08-05",1152,"rel_upstream_cloud",-0.208181986074083,44
"AIT-2025-08-002","2025-08-05",1152,"rel_downstream_integrator",0.177382584118906,44
"AIT-2025-08-002","2025-08-05",1152,"rel_downstream_deployer",0.223492231155242,44
"AIT-2025-08-002","2025-08-05",1152,"rel_downstream_enabler",0.159937418517391,44
"AIT-2025-08-002","2025-08-05",1152,"rel_competitor",0.123644476968316,44
"AIT-2025-08-002","2025-08-05",1152,"rel_is_investor",0.398711962532489,44
"AIT-2025-08-004","2025-08-05",1152,"rel_upstream_hardware",0.142811176576963,44
"AIT-2025-08-004","2025-08-05",1152,"rel_upstream_cloud",0.112873765174792,44
"AIT-2025-08-004","2025-08-05",1152,"rel_downstream_integrator",0.115904873231095,44
"AIT-2025-08-004","2025-08-05",1152,"rel_downstream_deployer",0.181157528430302,44
"AIT-2025-08-004","2025-08-05",1152,"rel_downstream_enabler",0.132091060591005,44
"AIT-2025-08-004","2025-08-05",1152,"rel_competitor",0.0860105702327023,44
"AIT-2025-08-004","2025-08-05",1152,"rel_is_investor",-0.18818138258804,44
"AIT-2025-08-005","2025-08-07",1154,"rel_upstream_hardware",0.162983812824203,44
"AIT-2025-08-005","2025-08-07",1154,"rel_upstream_cloud",0.141058641649373,44
"AIT-2025-08-005","2025-08-07",1154,"rel_downstream_integrator",0.0812453196073339,44
"AIT-2025-08-005","2025-08-07",1154,"rel_downstream_deployer",0.133228867549441,44
"AIT-2025-08-005","2025-08-07",1154,"rel_downstream_enabler",0.102301803276643,44
"AIT-2025-08-005","2025-08-07",1154,"rel_competitor",0.077190645222325,44
"AIT-2025-08-005","2025-08-07",1154,"rel_is_investor",-0.211733485914374,44
"AIT-2025-08-006","2025-08-21",1164,"rel_upstream_hardware",0.113646431031327,44
"AIT-2025-08-006","2025-08-21",1164,"rel_upstream_cloud",0.155489145717768,44
"AIT-2025-08-006","2025-08-21",1164,"rel_downstream_integrator",0.0474787983748509,44
"AIT-2025-08-006","2025-08-21",1164,"rel_downstream_deployer",0.098216058532811,44
"AIT-2025-08-006","2025-08-21",1164,"rel_downstream_enabler",-0.062116483246934,44
"AIT-2025-08-006","2025-08-21",1164,"rel_competitor",0.123875378742979,44
"AIT-2025-08-007","2025-08-26",1167,"rel_upstream_hardware",0.212258800784381,44
"AIT-2025-08-007","2025-08-26",1167,"rel_upstream_cloud",-0.0763243908378629,44
"AIT-2025-08-007","2025-08-26",1167,"rel_downstream_integrator",0.138210022239577,44
"AIT-2025-08-007","2025-08-26",1167,"rel_downstream_deployer",0.150545917140499,44
"AIT-2025-08-007","2025-08-26",1167,"rel_downstream_enabler",0.00978778481203148,44
"AIT-2025-08-007","2025-08-26",1167,"rel_competitor",0.0985112208529489,44
"AIT-2025-08-007","2025-08-26",1167,"rel_is_owner",0.394598269496615,44
"AIT-2025-09-004","2025-09-23",1186,"rel_upstream_hardware",0.107117158504718,45
"AIT-2025-09-004","2025-09-23",1186,"rel_upstream_cloud",0.000980459334327144,45
"AIT-2025-09-004","2025-09-23",1186,"rel_downstream_integrator",0.051704904567212,45
"AIT-2025-09-004","2025-09-23",1186,"rel_downstream_deployer",0.0515679745007264,45
"AIT-2025-09-004","2025-09-23",1186,"rel_downstream_enabler",0.0310192263124433,45
"AIT-2025-09-004","2025-09-23",1186,"rel_competitor",0.056014597577828,45
"AIT-2025-09-001","2025-09-24",1187,"rel_upstream_hardware",0.0928392764555958,45
"AIT-2025-09-001","2025-09-24",1187,"rel_upstream_cloud",0.0172506748704823,45
"AIT-2025-09-001","2025-09-24",1187,"rel_downstream_integrator",0.0678925636015719,45
"AIT-2025-09-001","2025-09-24",1187,"rel_downstream_deployer",0.0402321842953817,45
"AIT-2025-09-001","2025-09-24",1187,"rel_downstream_enabler",0.053023876413903,45
"AIT-2025-09-001","2025-09-24",1187,"rel_competitor",0.0369680575703719,45
"AIT-2025-09-005","2025-09-24",1187,"rel_upstream_hardware",0.0999520276287137,45
"AIT-2025-09-005","2025-09-24",1187,"rel_upstream_cloud",-0.00501686539905272,45
"AIT-2025-09-005","2025-09-24",1187,"rel_downstream_integrator",0.0758461158847609,45
"AIT-2025-09-005","2025-09-24",1187,"rel_downstream_deployer",0.0386105202553874,45
"AIT-2025-09-005","2025-09-24",1187,"rel_downstream_enabler",0.0573088978481498,45
"AIT-2025-09-005","2025-09-24",1187,"rel_competitor",0.0713669236877492,45
"AIT-2025-09-007","2025-09-29",1190,"rel_upstream_hardware",0.147338204685026,45
"AIT-2025-09-007","2025-09-29",1190,"rel_upstream_cloud",-0.019803840890833,45
"AIT-2025-09-007","2025-09-29",1190,"rel_downstream_integrator",0.109684424057437,45
"AIT-2025-09-007","2025-09-29",1190,"rel_downstream_deployer",0.0807374018323179,45
"AIT-2025-09-007","2025-09-29",1190,"rel_downstream_enabler",0.0757189281985608,45
"AIT-2025-09-007","2025-09-29",1190,"rel_competitor",0.138374586770315,45
"AIT-2025-09-007","2025-09-29",1190,"rel_is_investor",0.108402338901786,45
"AIT-2025-09-009","2025-09-29",1190,"rel_upstream_hardware",0.123737419328254,45
"AIT-2025-09-009","2025-09-29",1190,"rel_upstream_cloud",0.0551820841166979,45
"AIT-2025-09-009","2025-09-29",1190,"rel_downstream_integrator",0.0805069287475494,45
"AIT-2025-09-009","2025-09-29",1190,"rel_downstream_deployer",0.0625259867534484,45
"AIT-2025-09-009","2025-09-29",1190,"rel_downstream_enabler",0.052694183491737,45
"AIT-2025-09-009","2025-09-29",1190,"rel_competitor",0.129553192092792,45
"AIT-2025-09-008","2025-09-30",1191,"rel_upstream_hardware",0.149167275294458,45
"AIT-2025-09-008","2025-09-30",1191,"rel_upstream_cloud",0.0785072378016489,45
"AIT-2025-09-008","2025-09-30",1191,"rel_downstream_integrator",0.120716005592092,45
"AIT-2025-09-008","2025-09-30",1191,"rel_downstream_deployer",0.0817145519912015,45
"AIT-2025-09-008","2025-09-30",1191,"rel_downstream_enabler",0.105507764230408,45
"AIT-2025-09-008","2025-09-30",1191,"rel_competitor",0.0549006564886351,45
"AIT-2025-09-008","2025-09-30",1191,"rel_is_investor",-0.0480329942101841,45
"AIT-2025-10-003","2025-10-15",1202,"rel_upstream_hardware",0.357612703133388,45
"AIT-2025-10-003","2025-10-15",1202,"rel_upstream_cloud",-0.242491714972853,45
"AIT-2025-10-003","2025-10-15",1202,"rel_downstream_integrator",0.29291461914621,45
"AIT-2025-10-003","2025-10-15",1202,"rel_downstream_deployer",0.154064594199003,45
"AIT-2025-10-003","2025-10-15",1202,"rel_downstream_enabler",0.252966533912259,45
"AIT-2025-10-003","2025-10-15",1202,"rel_competitor",0.265012570490523,45
"AIT-2025-10-003","2025-10-15",1202,"rel_is_investor",0.421587594035103,45
"AIT-2025-11-001","2025-11-06",1218,"rel_upstream_hardware",0.0876483325929354,45
"AIT-2025-11-001","2025-11-06",1218,"rel_upstream_cloud",-0.0187334354549082,45
"AIT-2025-11-001","2025-11-06",1218,"rel_downstream_integrator",0.0532842685876219,45
"AIT-2025-11-001","2025-11-06",1218,"rel_downstream_deployer",-0.0341715511359302,45
"AIT-2025-11-001","2025-11-06",1218,"rel_downstream_enabler",0.156575126770989,45
"AIT-2025-11-001","2025-11-06",1218,"rel_competitor",0.122331678178301,45
"AIT-2025-11-002","2025-11-12",1222,"rel_upstream_hardware",0.128013941137032,45
"AIT-2025-11-002","2025-11-12",1222,"rel_upstream_cloud",0.0414831720456867,45
"AIT-2025-11-002","2025-11-12",1222,"rel_downstream_integrator",0.0534427970347976,45
"AIT-2025-11-002","2025-11-12",1222,"rel_downstream_deployer",-0.000118567064982046,45
"AIT-2025-11-002","2025-11-12",1222,"rel_downstream_enabler",0.28431116921649,45
"AIT-2025-11-002","2025-11-12",1222,"rel_competitor",0.0410075679377571,45
"AIT-2025-11-002","2025-11-12",1222,"rel_is_investor",-0.208025958034895,45
"AIT-2025-11-003","2025-11-17",1225,"rel_upstream_hardware",-0.00860751267178464,45
"AIT-2025-11-003","2025-11-17",1225,"rel_upstream_cloud",-0.00517874821993545,45
"AIT-2025-11-003","2025-11-17",1225,"rel_downstream_integrator",-0.0732578703898708,45
"AIT-2025-11-003","2025-11-17",1225,"rel_downstream_deployer",-0.0874058230120476,45
"AIT-2025-11-003","2025-11-17",1225,"rel_downstream_enabler",0.23226441185379,45
"AIT-2025-11-003","2025-11-17",1225,"rel_competitor",-0.0244006859870515,45
"AIT-2025-11-003","2025-11-17",1225,"rel_is_investor",-0.221281506343618,45
"AIT-2025-11-004","2025-11-18",1226,"rel_upstream_hardware",0.0475251057201513,45
"AIT-2025-11-004","2025-11-18",1226,"rel_upstream_cloud",-0.113021489993912,45
"AIT-2025-11-004","2025-11-18",1226,"rel_downstream_integrator",-0.00289229976412655,45
"AIT-2025-11-004","2025-11-18",1226,"rel_downstream_deployer",-0.0403341411444513,45
"AIT-2025-11-004","2025-11-18",1226,"rel_downstream_enabler",0.238583926315629,45
"AIT-2025-11-004","2025-11-18",1226,"rel_competitor",0.115843858573827,45
"AIT-2025-11-004","2025-11-18",1226,"rel_is_owner",0.22360971629887,45
"AIT-2025-11-006","2025-11-20",1228,"rel_upstream_hardware",0.0379015754047528,45
"AIT-2025-11-006","2025-11-20",1228,"rel_upstream_cloud",-0.0712560855886118,45
"AIT-2025-11-006","2025-11-20",1228,"rel_downstream_integrator",0.0149020638776045,45
"AIT-2025-11-006","2025-11-20",1228,"rel_downstream_deployer",0.0106732171163105,45
"AIT-2025-11-006","2025-11-20",1228,"rel_downstream_enabler",0.22373578084773,45
"AIT-2025-11-006","2025-11-20",1228,"rel_competitor",0.0997588976468408,45
"AIT-2025-11-006","2025-11-20",1228,"rel_is_owner",0.154667401782709,45
"AIT-2025-11-007","2025-11-24",1230,"rel_upstream_hardware",0.0103304628118145,45
"AIT-2025-11-007","2025-11-24",1230,"rel_upstream_cloud",-0.00396860782818355,45
"AIT-2025-11-007","2025-11-24",1230,"rel_downstream_integrator",-0.00395430262342577,45
"AIT-2025-11-007","2025-11-24",1230,"rel_downstream_deployer",0.0116957104761874,45
"AIT-2025-11-007","2025-11-24",1230,"rel_downstream_enabler",0.152667961274804,45
"AIT-2025-11-007","2025-11-24",1230,"rel_competitor",-0.0258719135263863,45
"AIT-2025-11-007","2025-11-24",1230,"rel_is_investor",-0.00859085884387469,45
"AIT-2025-11-008","2025-11-25",1231,"rel_upstream_hardware",0.052458908617386,45
"AIT-2025-11-008","2025-11-25",1231,"rel_upstream_cloud",-0.05261691298083,45
"AIT-2025-11-008","2025-11-25",1231,"rel_downstream_integrator",0.0241191351767661,45
"AIT-2025-11-008","2025-11-25",1231,"rel_downstream_deployer",0.0578148059691039,45
"AIT-2025-11-008","2025-11-25",1231,"rel_downstream_enabler",0.156990256080674,45
"AIT-2025-11-008","2025-11-25",1231,"rel_competitor",0.0622724891456508,45
"AIT-2025-12-005","2025-12-01",1234,"rel_upstream_hardware",0.0292372689450813,45
"AIT-2025-12-005","2025-12-01",1234,"rel_upstream_cloud",-0.0556000242357398,45
"AIT-2025-12-005","2025-12-01",1234,"rel_downstream_integrator",0.017869111725383,45
"AIT-2025-12-005","2025-12-01",1234,"rel_downstream_deployer",0.0399906210784578,45
"AIT-2025-12-005","2025-12-01",1234,"rel_downstream_enabler",0.11494874085512,45
"AIT-2025-12-005","2025-12-01",1234,"rel_competitor",0.0563746966924897,45
"AIT-2025-12-001","2025-12-02",1235,"rel_upstream_hardware",-0.014506189406046,45
"AIT-2025-12-001","2025-12-02",1235,"rel_upstream_cloud",-0.0360166666370584,45
"AIT-2025-12-001","2025-12-02",1235,"rel_downstream_integrator",-0.00654328430583401,45
"AIT-2025-12-001","2025-12-02",1235,"rel_downstream_deployer",-0.00516985454117058,45
"AIT-2025-12-001","2025-12-02",1235,"rel_downstream_enabler",0.0928216065464974,45
"AIT-2025-12-001","2025-12-02",1235,"rel_competitor",-0.017188881796088,45
"AIT-2025-12-001","2025-12-02",1235,"rel_is_investor",0.0124266787074394,45
"AIT-2025-12-004","2025-12-02",1235,"rel_upstream_hardware",0.00993148529050515,45
"AIT-2025-12-004","2025-12-02",1235,"rel_upstream_cloud",-0.0578877750387332,45
"AIT-2025-12-004","2025-12-02",1235,"rel_downstream_integrator",0.00926647558433168,45
"AIT-2025-12-004","2025-12-02",1235,"rel_downstream_deployer",0.00450589850947817,45
"AIT-2025-12-004","2025-12-02",1235,"rel_downstream_enabler",0.0960269712502467,45
"AIT-2025-12-004","2025-12-02",1235,"rel_competitor",0.056119005943703,45
"AIT-2025-12-002","2025-12-11",1242,"rel_upstream_hardware",0.0788628892915455,45
"AIT-2025-12-002","2025-12-11",1242,"rel_upstream_cloud",-0.0346573990022124,45
"AIT-2025-12-002","2025-12-11",1242,"rel_downstream_integrator",0.0243598315946054,45
"AIT-2025-12-002","2025-12-11",1242,"rel_downstream_deployer",0.0361774482100203,45
"AIT-2025-12-002","2025-12-11",1242,"rel_downstream_enabler",-0.0266163194243513,45
"AIT-2025-12-002","2025-12-11",1242,"rel_competitor",0.0573678785596361,45
"AIT-2025-12-002","2025-12-11",1242,"rel_is_investor",0.0139187894472176,45
"AIT-2025-12-003","2025-12-17",1246,"rel_upstream_hardware",0.120615845632258,45
"AIT-2025-12-003","2025-12-17",1246,"rel_upstream_cloud",-0.0167397032268905,45
"AIT-2025-12-003","2025-12-17",1246,"rel_downstream_integrator",-0.00794799614257967,45
"AIT-2025-12-003","2025-12-17",1246,"rel_downstream_deployer",-0.0173091966231753,45
"AIT-2025-12-003","2025-12-17",1246,"rel_downstream_enabler",-0.0531389554149893,45
"AIT-2025-12-003","2025-12-17",1246,"rel_competitor",0.0156077773320227,45
"AIT-2025-12-003","2025-12-17",1246,"rel_is_owner",0.0478647248293129,45
"AIT-2025-12-006","2025-12-17",1246,"rel_upstream_hardware",0.121412701725542,45
"AIT-2025-12-006","2025-12-17",1246,"rel_upstream_cloud",-0.0110696027682548,45
"AIT-2025-12-006","2025-12-17",1246,"rel_downstream_integrator",-0.0107380267862921,45
"AIT-2025-12-006","2025-12-17",1246,"rel_downstream_deployer",-0.0236668621845165,45
"AIT-2025-12-006","2025-12-17",1246,"rel_downstream_enabler",-0.0566068856146799,45
"AIT-2025-12-006","2025-12-17",1246,"rel_competitor",0.035854569622914,45
"AIT-2025-12-006","2025-12-17",1246,"rel_is_investor",-0.023527643532783,45
"AIT-2025-12-007","2025-12-22",1249,"rel_upstream_hardware",0.231377731738694,45
"AIT-2025-12-007","2025-12-22",1249,"rel_upstream_cloud",-0.0311467702526499,45
"AIT-2025-12-007","2025-12-22",1249,"rel_downstream_integrator",0.0180872888282388,45
"AIT-2025-12-007","2025-12-22",1249,"rel_downstream_deployer",0.010634540252285,45
"AIT-2025-12-007","2025-12-22",1249,"rel_downstream_enabler",-0.147088258270167,45
"AIT-2025-12-007","2025-12-22",1249,"rel_competitor",0.205136208090025,45
"AIT-2025-12-009","2025-12-22",1249,"rel_upstream_hardware",0.231377731738694,45
"AIT-2025-12-009","2025-12-22",1249,"rel_upstream_cloud",-0.0311467702526499,45
"AIT-2025-12-009","2025-12-22",1249,"rel_downstream_integrator",0.0180872888282388,45
"AIT-2025-12-009","2025-12-22",1249,"rel_downstream_deployer",0.010634540252285,45
"AIT-2025-12-009","2025-12-22",1249,"rel_downstream_enabler",-0.147088258270167,45
"AIT-2025-12-009","2025-12-22",1249,"rel_competitor",0.205136208090025,45
"AIT-2026-01-003","2026-01-27",1272,"rel_upstream_hardware",0.192073683213408,45
"AIT-2026-01-003","2026-01-27",1272,"rel_upstream_cloud",-0.103829115022368,45
"AIT-2026-01-003","2026-01-27",1272,"rel_downstream_integrator",-0.0670393102445928,45
"AIT-2026-01-003","2026-01-27",1272,"rel_downstream_deployer",0.0568069010243551,45
"AIT-2026-01-003","2026-01-27",1272,"rel_downstream_enabler",-0.254279604348007,45
"AIT-2026-01-003","2026-01-27",1272,"rel_competitor",0.23344237987188,45
"AIT-2026-01-004","2026-01-28",1273,"rel_upstream_hardware",0.126573395298938,45
"AIT-2026-01-004","2026-01-28",1273,"rel_upstream_cloud",-0.12131838192098,45
"AIT-2026-01-004","2026-01-28",1273,"rel_downstream_integrator",-0.0771298831678206,45
"AIT-2026-01-004","2026-01-28",1273,"rel_downstream_deployer",0.0462126547924921,45
"AIT-2026-01-004","2026-01-28",1273,"rel_downstream_enabler",-0.272357365297381,45
"AIT-2026-01-004","2026-01-28",1273,"rel_competitor",0.256418548211303,45
"AIT-2026-01-004","2026-01-28",1273,"rel_is_investor",0.075891909794662,45
"AIT-2026-02-001","2026-02-05",1279,"rel_upstream_hardware",-0.204189850677715,45
"AIT-2026-02-001","2026-02-05",1279,"rel_upstream_cloud",0.0659972627522274,45
"AIT-2026-02-001","2026-02-05",1279,"rel_downstream_integrator",-0.0792037424991325,45
"AIT-2026-02-001","2026-02-05",1279,"rel_downstream_deployer",-0.155243870235671,45
"AIT-2026-02-001","2026-02-05",1279,"rel_downstream_enabler",-0.150781130445763,45
"AIT-2026-02-001","2026-02-05",1279,"rel_competitor",-0.16468241214112,45
"AIT-2026-02-001","2026-02-05",1279,"rel_is_investor",-0.237138609595924,45
"AIT-2026-02-002","2026-02-05",1279,"rel_upstream_hardware",-0.148659535247993,45
"AIT-2026-02-002","2026-02-05",1279,"rel_upstream_cloud",-0.148684742186894,45
"AIT-2026-02-002","2026-02-05",1279,"rel_downstream_integrator",-0.0175482388768071,45
"AIT-2026-02-002","2026-02-05",1279,"rel_downstream_deployer",-0.115305096433146,45
"AIT-2026-02-002","2026-02-05",1279,"rel_downstream_enabler",-0.142540939080896,45
"AIT-2026-02-002","2026-02-05",1279,"rel_competitor",-0.0679164808132154,45
"AIT-2026-02-002","2026-02-05",1279,"rel_is_investor",0.113831914297369,45
"AIT-2026-02-005","2026-02-11",1283,"rel_upstream_hardware",-0.127999494433587,45
"AIT-2026-02-005","2026-02-11",1283,"rel_upstream_cloud",-0.0967282761568651,45
"AIT-2026-02-005","2026-02-11",1283,"rel_downstream_integrator",-0.0132572396377062,45
"AIT-2026-02-005","2026-02-11",1283,"rel_downstream_deployer",-0.115580148716622,45
"AIT-2026-02-005","2026-02-11",1283,"rel_downstream_enabler",-0.217156035688432,45
"AIT-2026-02-005","2026-02-11",1283,"rel_competitor",-0.100517999030511,45
"AIT-2026-02-008","2026-02-26",1293,"rel_upstream_hardware",-0.11476496100017,45
"AIT-2026-02-008","2026-02-26",1293,"rel_upstream_cloud",0.055115186979584,45
"AIT-2026-02-008","2026-02-26",1293,"rel_downstream_integrator",-0.031594971392004,45
"AIT-2026-02-008","2026-02-26",1293,"rel_downstream_deployer",-0.0950815041263987,45
"AIT-2026-02-008","2026-02-26",1293,"rel_downstream_enabler",-0.0285504345218302,45
"AIT-2026-02-008","2026-02-26",1293,"rel_competitor",-0.06525025916889,45
"AIT-2026-02-008","2026-02-26",1293,"rel_is_owner",-0.170543393473001,45
"AIT-2026-03-002","2026-03-05",1298,"rel_upstream_hardware",0.0408571495268693,45
"AIT-2026-03-002","2026-03-05",1298,"rel_upstream_cloud",0.0493728449628666,45
"AIT-2026-03-002","2026-03-05",1298,"rel_downstream_integrator",-0.0291192116556805,45
"AIT-2026-03-002","2026-03-05",1298,"rel_downstream_deployer",0.0126744268466197,45
"AIT-2026-03-002","2026-03-05",1298,"rel_downstream_enabler",0.0150410479353412,45
"AIT-2026-03-002","2026-03-05",1298,"rel_competitor",-0.000159929676943214,45
"AIT-2026-03-002","2026-03-05",1298,"rel_is_investor",0.0275660985414251,45
"AIT-2026-03-003","2026-03-16",1305,"rel_upstream_hardware",0.150931312918959,45
"AIT-2026-03-003","2026-03-16",1305,"rel_upstream_cloud",0.0158311228912892,45
"AIT-2026-03-003","2026-03-16",1305,"rel_downstream_integrator",-0.0890653522247778,45
"AIT-2026-03-003","2026-03-16",1305,"rel_downstream_deployer",-0.00613202598063495,45
"AIT-2026-03-003","2026-03-16",1305,"rel_downstream_enabler",-0.0128325165794341,45
"AIT-2026-03-003","2026-03-16",1305,"rel_competitor",0.145405792744246,45
"AIT-2026-03-003","2026-03-16",1305,"rel_is_investor",0.063763316012378,45
"AIT-2026-03-004","2026-03-26",1313,"rel_upstream_hardware",0.272401758435805,45
"AIT-2026-03-004","2026-03-26",1313,"rel_upstream_cloud",0.0644580344378031,45
"AIT-2026-03-004","2026-03-26",1313,"rel_downstream_integrator",0.0715294986168658,45
"AIT-2026-03-004","2026-03-26",1313,"rel_downstream_deployer",0.0489286994714715,45
"AIT-2026-03-004","2026-03-26",1313,"rel_downstream_enabler",-0.10095684761253,45
"AIT-2026-03-004","2026-03-26",1313,"rel_competitor",0.238854572156498,45
