"spec","term","coef","se","p","n","events","q_bh","metric","q_by_family"
"price_car_0_1","rel_upstream_hardware",0.00420595809413573,0.00314479502943299,0.183584749735413,5441,124,NA,NA,0.358380996183672
"price_car_0_1","rel_upstream_cloud",0.00140300541481631,0.00198908402836907,0.481972636388112,5441,124,NA,NA,0.481972636388112
"price_car_0_1","rel_downstream_integrator",0.00249502775523076,0.00224586209866735,0.268785747137754,5441,124,NA,NA,0.358380996183672
"price_car_0_1","rel_downstream_deployer",0.00269934112644156,0.00242173763013176,0.267203301386294,5441,124,NA,NA,0.358380996183672
"price_car_0_1","rel_downstream_enabler",0.00407871210962378,0.0023343088707963,0.0831046551406656,5441,124,NA,NA,0.358380996183672
"price_car_0_1","rel_competitor",0.00361302225119794,0.00278214069113784,0.1966875953207,5441,124,NA,NA,0.358380996183672
"price_car_0_1","rel_is_investor",-0.0029417291934776,0.00330470660446428,0.377746142602671,5441,124,NA,NA,0.431709877260196
"price_car_0_1","rel_is_owner",0.00902833196659606,0.0069390622244954,0.199426628514276,5441,124,NA,NA,0.358380996183672
"price_increment_2_20","rel_upstream_hardware",0.0305516293004573,0.0104203501417228,0.00402818551635754,5441,124,NA,NA,0.0161127420654302
"price_increment_2_20","rel_upstream_cloud",0.00909773359265701,0.00629333015208727,0.150919972492048,5441,124,NA,NA,0.241471955987276
"price_increment_2_20","rel_downstream_integrator",0.0106587552055754,0.00706522613111109,0.133991172554899,5441,124,NA,NA,0.241471955987276
"price_increment_2_20","rel_downstream_deployer",0.00991471611352704,0.00785128357692315,0.20906769477889,5441,124,NA,NA,0.278756926371853
"price_increment_2_20","rel_downstream_enabler",-0.00156539529326549,0.0099577635438662,0.875344460937775,5441,124,NA,NA,0.875344460937775
"price_increment_2_20","rel_competitor",0.0302400936739053,0.00823552637300729,0.000368107670439245,5441,124,NA,NA,0.00294486136351396
"price_increment_2_20","rel_is_investor",0.0077446306042457,0.0112948585116177,0.496161479372971,5441,124,NA,NA,0.567041690711967
"price_increment_2_20","rel_is_owner",0.0227820052997713,0.0142416237246553,0.116218948190321,5441,124,NA,NA,0.241471955987276
"volume_0_1","rel_upstream_hardware",-0.00742010030918216,0.0497974095676704,0.881796797097048,5441,124,NA,NA,0.881796797097048
"volume_0_1","rel_upstream_cloud",0.0950870875556086,0.0674898038120046,0.161480614747591,5441,124,NA,NA,0.258368983596145
"volume_0_1","rel_downstream_integrator",-0.0515805590610199,0.0538371932729705,0.339923214931362,5441,124,NA,NA,0.453230953241816
"volume_0_1","rel_downstream_deployer",-0.170011116513915,0.0572938173348066,0.00361676519225683,5441,124,NA,NA,0.0144670607690273
"volume_0_1","rel_downstream_enabler",-0.456708197381766,0.0751134021138447,1.42004547059922e-08,5441,124,NA,NA,1.13603637647938e-07
"volume_0_1","rel_competitor",0.102551484072545,0.0632609022377754,0.107765851846516,5441,124,NA,NA,0.215531703693031
"volume_0_1","rel_is_investor",-0.0625819533937829,0.119434097665222,0.602694452502287,5441,124,NA,NA,0.688793660002614
"volume_0_1","rel_is_owner",0.562780713171112,0.201023432915408,0.00737125917281509,5441,124,NA,NA,0.0196566911275069
"volume_pre_m10_m2","rel_upstream_hardware",-0.0765365057810372,0.0388184264856428,0.0509276490611186,5441,124,NA,NA,0.135807064162983
"volume_pre_m10_m2","rel_upstream_cloud",0.0744500951998098,0.051148354198078,0.148155553232551,5441,124,NA,NA,0.296311106465102
"volume_pre_m10_m2","rel_downstream_integrator",-0.0411970539507311,0.0388237737393176,0.290736076911363,5441,124,NA,NA,0.387648102548484
"volume_pre_m10_m2","rel_downstream_deployer",-0.11161567786412,0.04140764643446,0.00802154969809999,5441,124,NA,NA,0.0320861987923999
"volume_pre_m10_m2","rel_downstream_enabler",-0.333229288135354,0.0507562505898238,1.33647572116594e-09,5441,124,NA,NA,1.06918057693275e-08
"volume_pre_m10_m2","rel_competitor",0.01238010288256,0.0467443795457881,0.791606441306104,5441,124,NA,NA,0.791606441306104
"volume_pre_m10_m2","rel_is_investor",-0.0967210604364076,0.0799189756159592,0.232103156758877,5441,124,NA,NA,0.371365050814204
"volume_pre_m10_m2","rel_is_owner",-0.0579955131726336,0.125424887455088,0.645908249648441,5441,124,NA,NA,0.738180856741076
"hardware_sox_vs_nonsox","hardware_sox",0.0367579927944793,0.0102160759150553,0.000465422245791673,5441,124,NA,NA,0.000930844491583345
"hardware_sox_vs_nonsox","hardware_nonsox",0.0227116446815293,0.0149369425563415,0.131032123265465,5441,124,NA,NA,0.131032123265465
"moderator_is_open_weight_or_open_source","rel_upstream_hardware:is_open_weight_or_open_source",0.00752154299118528,0.0178234610542247,0.673950052825077,5441,124,0.786631634016596,NA,0.673950052825077
"moderator_is_open_weight_or_open_source","rel_competitor:is_open_weight_or_open_source",0.0187262556189897,0.0122562476762125,0.129827321779967,5441,124,0.415873005992264,NA,0.204698912037735
"moderator_is_open_weight_or_open_source","rel_downstream_deployer:is_open_weight_or_open_source",0.0195802633286583,0.0130409115807121,0.13646594135849,5441,124,0.415873005992264,NA,0.204698912037735
"moderator_is_reasoning_model","rel_upstream_hardware:is_reasoning_model",0.0434163802563203,0.0167320324186276,0.0112370182836937,5441,124,0.26968843880865,NA,0.0337110548510812
"moderator_is_reasoning_model","rel_competitor:is_reasoning_model",0.0213468560524786,0.0130104520100195,0.104777832341382,5441,124,0.415873005992264,NA,0.157166748512073
"moderator_is_reasoning_model","rel_downstream_deployer:is_reasoning_model",0.01403679474493,0.0123715000943324,0.259920628745165,5441,124,0.415873005992264,NA,0.259920628745165
"moderator_is_coding_model","rel_upstream_hardware:is_coding_model",-0.0379300000242304,0.0863670071462595,0.688302679764522,5441,124,0.786631634016596,NA,0.765512156948416
"moderator_is_coding_model","rel_competitor:is_coding_model",-0.0152908660867446,0.0471008101126624,0.765512156948416,5441,124,0.835104171216453,NA,0.765512156948416
"moderator_is_coding_model","rel_downstream_deployer:is_coding_model",-0.059162143574311,0.017224742416352,0.0373559617404972,5441,124,0.415873005992264,NA,0.112067885221492
"moderator_is_media_generation_model","rel_upstream_hardware:is_media_generation_model",-0.00268836257678818,0.0189210278318805,0.887381089070742,5441,124,0.925962875552078,NA,0.887381089070742
"moderator_is_media_generation_model","rel_competitor:is_media_generation_model",-0.0107501928000886,0.0112010642042332,0.340078966731022,5441,124,0.510118450096533,NA,0.510118450096533
"moderator_is_media_generation_model","rel_downstream_deployer:is_media_generation_model",-0.0178209141012298,0.0137425474998211,0.198560330480002,5441,124,0.415873005992264,NA,0.510118450096533
"moderator_is_multimodal","rel_upstream_hardware:is_multimodal",0.0143333149118494,0.0165490256566032,0.388347575782547,5441,124,0.548255401104772,NA,0.976909109024943
"moderator_is_multimodal","rel_competitor:is_multimodal",0.00483656916678532,0.0115569656435463,0.676444931885676,5441,124,0.786631634016596,NA,0.976909109024943
"moderator_is_multimodal","rel_downstream_deployer:is_multimodal",0.000364192290139272,0.0125533853325521,0.976909109024943,5441,124,0.976909109024943,NA,0.976909109024943
"moderator_is_model_family","rel_upstream_hardware:is_model_family",-0.0341537822529956,0.0174973859111214,0.056981334948173,5441,124,0.415873005992264,NA,0.170944004844519
"moderator_is_model_family","rel_competitor:is_model_family",-0.0227560358453909,0.0144493787026163,0.122177285978727,5441,124,0.415873005992264,NA,0.18326592896809
"moderator_is_model_family","rel_downstream_deployer:is_model_family",0.0175127420597907,0.0146084934332084,0.236664439195911,5441,124,0.415873005992264,NA,0.236664439195911
"moderator_is_chinese_model","rel_upstream_hardware:is_chinese_model",0.025913288279336,0.0214020181835202,0.233458523351243,5441,124,0.415873005992264,NA,0.350187785026865
"moderator_is_chinese_model","rel_competitor:is_chinese_model",0.0188168791794023,0.0149710765350782,0.21634004444582,5441,124,0.415873005992264,NA,0.350187785026865
"moderator_is_chinese_model","rel_downstream_deployer:is_chinese_model",0.00769153687106401,0.0160664700860863,0.63491755294064,5441,124,0.786631634016596,NA,0.63491755294064
"moderator_is_cross_modality_release","rel_upstream_hardware:is_cross_modality_release",0.0730095643035697,0.0403553186966202,0.161680730223818,5441,124,0.415873005992264,NA,0.244086408937385
"moderator_is_cross_modality_release","rel_competitor:is_cross_modality_release",0.0195783304984893,0.0137076357285951,0.244086408937385,5441,124,0.415873005992264,NA,0.244086408937385
"moderator_is_cross_modality_release","rel_downstream_deployer:is_cross_modality_release",0.0140875705337189,0.00952798581355633,0.230108038232254,5441,124,0.415873005992264,NA,0.244086408937385
"metric_aa_intelligence_index","rel_upstream_hardware:z_aa_intelligence_index",0.0200133688395769,0.0108449097709799,0.0728926151058098,3842,124,0.240545629849172,"aa_intelligence_index",0.218677845317429
"metric_aa_intelligence_index","rel_downstream_deployer:z_aa_intelligence_index",-0.00244943913410828,0.00647056718189529,0.70726921976893,3842,124,0.988756530368662,"aa_intelligence_index",0.70726921976893
"metric_aa_intelligence_index","rel_competitor:z_aa_intelligence_index",0.00499738588142378,0.0087017943070708,0.569506062144002,3842,124,0.89493809765486,"aa_intelligence_index",0.70726921976893
"metric_price_1m_blended_3_to_1","rel_upstream_hardware:z_price_1m_blended_3_to_1",-0.00214756754789902,0.00758493980802157,0.78439117659801,3842,124,0.988756530368662,"price_1m_blended_3_to_1",0.975780150159145
"metric_price_1m_blended_3_to_1","rel_downstream_deployer:z_price_1m_blended_3_to_1",-0.000355889804865843,0.011351575183145,0.975780150159145,3842,124,0.988756530368662,"price_1m_blended_3_to_1",0.975780150159145
"metric_price_1m_blended_3_to_1","rel_competitor:z_price_1m_blended_3_to_1",0.00788721164391486,0.00735952996861218,0.316398748123233,3842,124,0.652572418004168,"price_1m_blended_3_to_1",0.949196244369699
"metric_price_1m_output_tokens","rel_upstream_hardware:z_price_1m_output_tokens",-0.00139206495345685,0.00768921555437916,0.86071578044706,3842,124,0.988756530368662,"price_1m_output_tokens",0.86071578044706
"metric_price_1m_output_tokens","rel_downstream_deployer:z_price_1m_output_tokens",0.001827889663036,0.00917229786707144,0.846865234898279,3842,124,0.988756530368662,"price_1m_output_tokens",0.86071578044706
"metric_price_1m_output_tokens","rel_competitor:z_price_1m_output_tokens",0.0072094889223154,0.00718151097892206,0.343091478770065,3842,124,0.666001105847774,"price_1m_output_tokens",0.86071578044706
"metric_median_output_tokens_per_second","rel_upstream_hardware:z_median_output_tokens_per_second",0.0263525390117749,0.00921989313590703,0.0101206028979105,3842,124,0.104252551992305,"median_output_tokens_per_second",0.0303618086937316
"metric_median_output_tokens_per_second","rel_downstream_deployer:z_median_output_tokens_per_second",0.00494604072763113,0.00664534534241647,0.465903783821968,3842,124,0.832865837847834,"median_output_tokens_per_second",0.465903783821968
"metric_median_output_tokens_per_second","rel_competitor:z_median_output_tokens_per_second",0.0125970221177062,0.00654190283387199,0.0705370574865325,3842,124,0.240545629849172,"median_output_tokens_per_second",0.105805586229799
"metric_median_time_to_first_token_seconds","rel_upstream_hardware:z_median_time_to_first_token_seconds",0.00222933974586027,0.0104228114587184,0.83714942477192,3842,124,0.988756530368662,"median_time_to_first_token_seconds",0.867598575367072
"metric_median_time_to_first_token_seconds","rel_downstream_deployer:z_median_time_to_first_token_seconds",-0.00106531957260281,0.00613693669938307,0.867598575367072,3842,124,0.988756530368662,"median_time_to_first_token_seconds",0.867598575367072
"metric_median_time_to_first_token_seconds","rel_competitor:z_median_time_to_first_token_seconds",-0.0073608768922102,0.00980584454563627,0.479528815730571,3842,124,0.832865837847834,"median_time_to_first_token_seconds",0.867598575367072
"metric_aa_coding_index","rel_upstream_hardware:z_aa_coding_index",0.00030490424017979,0.0205790136918985,0.988756530368662,924,124,0.988756530368662,"aa_coding_index",0.988756530368662
"metric_aa_coding_index","rel_downstream_deployer:z_aa_coding_index",0.000362251607384226,0.0145681087422357,0.981225164014172,924,124,0.988756530368662,"aa_coding_index",0.988756530368662
"metric_aa_coding_index","rel_competitor:z_aa_coding_index",-0.0309767890135871,0.0143180009752932,0.0904111129457242,924,124,0.271233338837173,"aa_coding_index",0.271233338837173
"metric_aa_math_index","rel_upstream_hardware:z_aa_math_index",0.0242475904903977,0.0119619610816593,0.0525457493853662,2127,124,0.240545629849172,"aa_math_index",0.0788186240780493
"metric_aa_math_index","rel_downstream_deployer:z_aa_math_index",-0.0104981543446206,0.00840166874666515,0.222254144603821,2127,124,0.523884769423293,"aa_math_index",0.222254144603821
"metric_aa_math_index","rel_competitor:z_aa_math_index",0.0223804067356403,0.00942821722219514,0.0251539720546492,2127,124,0.149091983599576,"aa_math_index",0.0754619161639475
"metric_mmlu_pro","rel_upstream_hardware:z_mmlu_pro",0.0153074825722812,0.00916277951667287,0.121054840004387,3222,124,0.332900810012065,"mmlu_pro",0.363164520013162
"metric_mmlu_pro","rel_downstream_deployer:z_mmlu_pro",-0.000145438495352165,0.00598101606811813,0.981010534942967,3222,124,0.988756530368662,"mmlu_pro",0.981010534942967
"metric_mmlu_pro","rel_competitor:z_mmlu_pro",0.00732150714427563,0.00662837079587797,0.289709477370003,3222,124,0.637360850214007,"mmlu_pro",0.434564216055005
"metric_gpqa","rel_upstream_hardware:z_gpqa",0.0236197945641078,0.0102920671835862,0.0271076333817411,3580,124,0.149091983599576,"gpqa",0.0813229001452232
"metric_gpqa","rel_downstream_deployer:z_gpqa",-0.000578790741183332,0.00659250332410271,0.930482006107736,3580,124,0.988756530368662,"gpqa",0.930482006107736
"metric_gpqa","rel_competitor:z_gpqa",0.00953857142385223,0.00749046076290355,0.209970003521799,3580,124,0.523884769423293,"gpqa",0.314955005282698
"metric_livecodebench","rel_upstream_hardware:z_livecodebench",0.027565366493875,0.00930858210999345,0.00489172154096213,3222,124,0.0807134054258751,"livecodebench",0.00733758231144319
"metric_livecodebench","rel_downstream_deployer:z_livecodebench",-0.00307840155993406,0.00663674876702981,0.644989732035503,3222,124,0.967484598053254,"livecodebench",0.644989732035503
"metric_livecodebench","rel_competitor:z_livecodebench",0.0198756418180095,0.00632724658810422,0.0029307105824781,3222,124,0.0807134054258751,"livecodebench",0.00733758231144319
"metric_aime","rel_upstream_hardware:z_aime",0.0245459270722951,0.00926844080371909,0.0126366729687642,2459,124,0.104252551992305,"aime",0.0379100189062926
"metric_aime","rel_downstream_deployer:z_aime",0.00578482288902267,0.00875852230126012,0.514020649704439,2459,124,0.848134072012325,"aime",0.514020649704439
"metric_aime","rel_competitor:z_aime",0.0153190724089686,0.00821982995757142,0.0722710369292152,2459,124,0.240545629849172,"aime",0.108406555393823
"calendar_isolated_pm10","rel_upstream_hardware:isolated_pm10",0.0286597723161487,0.019587565063432,0.167193638980504,5441,124,NA,NA,0.300487835617927
"calendar_isolated_pm10","rel_competitor:isolated_pm10",0.0234582125455969,0.0173120292244367,0.200325223745284,5441,124,NA,NA,0.300487835617927
"calendar_isolated_pm10","rel_downstream_deployer:isolated_pm10",-0.00334908208798981,0.0259697730730241,0.899505272190792,5441,124,NA,NA,0.899505272190792
"calendar_density_pm10","rel_upstream_hardware:z_density_pm10",-0.00525715213063841,0.00665681777990502,0.43271747101838,5441,124,NA,NA,0.43271747101838
"calendar_density_pm10","rel_competitor:z_density_pm10",-0.0141572350668606,0.00505494535292676,0.00691756624819681,5441,124,NA,NA,0.0207526987445904
"calendar_density_pm10","rel_downstream_deployer:z_density_pm10",0.0109809017245605,0.00597823570783491,0.0712205307471645,5441,124,NA,NA,0.106830796120747
