date,Mkt_RF,Mkt_RF_decimal,SMB,SMB_decimal,HML,HML_decimal,RF,RF_decimal
2021-01-04,-1.41,-0.0141,0.2,0.002,0.57,0.005699999999999999,0.0,0.0
2021-01-05,0.86,0.0086,1.22,0.012199999999999999,0.5,0.005,0.0,0.0
2021-01-06,0.79,0.0079,2.14,0.021400000000000002,3.94,0.0394,0.0,0.0
2021-01-07,1.76,0.0176,0.32,0.0032,-0.81,-0.008100000000000001,0.0,0.0
2021-01-08,0.51,0.0051,-0.75,-0.0075,-1.38,-0.0138,0.0,0.0
2021-01-11,-0.52,-0.0052,0.26,0.0026,1.26,0.0126,0.0,0.0
2021-01-12,0.37,0.0037,1.28,0.0128,1.24,0.0124,0.0,0.0
2021-01-13,0.06,0.0006,-0.94,-0.009399999999999999,-0.45,-0.0045000000000000005,0.0,0.0
2021-01-14,-0.12,-0.0012,2.02,0.0202,1.13,0.0113,0.0,0.0
2021-01-15,-0.86,-0.0086,-0.5,-0.005,-0.74,-0.0074,0.0,0.0
2021-01-19,0.92,0.0092,0.88,0.0088,-0.79,-0.0079,0.0,0.0
2021-01-20,1.27,0.0127,-0.39,-0.0039000000000000003,-1.1,-0.011000000000000001,0.0,0.0
2021-01-21,-0.04,-0.0004,-0.54,-0.0054,-0.96,-0.0096,0.0,0.0
2021-01-22,-0.07,-0.0007000000000000001,1.86,0.018600000000000002,-0.11,-0.0011,0.0,0.0
2021-01-25,0.29,0.0029,-0.03,-0.0003,-0.43,-0.0043,0.0,0.0
2021-01-26,-0.33,-0.0033,-0.01,-0.0001,0.04,0.0004,0.0,0.0
2021-01-27,-2.53,-0.0253,1.32,0.0132,1.55,0.0155,0.0,0.0
2021-01-28,0.93,0.009300000000000001,-1.92,-0.0192,-0.93,-0.009300000000000001,0.0,0.0
2021-01-29,-1.84,-0.0184,0.59,0.0059,0.59,0.0059,0.0,0.0
2021-02-01,1.72,0.0172,0.93,0.009300000000000001,-1.47,-0.0147,0.0,0.0
2021-02-02,1.48,0.0148,-0.88,-0.0088,-1.03,-0.0103,0.0,0.0
2021-02-03,0.14,0.0014000000000000002,0.41,0.0040999999999999995,0.73,0.0073,0.0,0.0
2021-02-04,1.22,0.012199999999999999,0.39,0.0039000000000000003,0.38,0.0038,0.0,0.0
2021-02-05,0.57,0.005699999999999999,1.07,0.010700000000000001,-0.49,-0.0049,0.0,0.0
2021-02-08,0.96,0.0096,2.1,0.021,0.39,0.0039000000000000003,0.0,0.0
2021-02-09,0.05,0.0005,0.64,0.0064,-0.06,-0.0006,0.0,0.0
2021-02-10,-0.08,-0.0008,-0.59,-0.0059,0.79,0.0079,0.0,0.0
2021-02-11,0.2,0.002,-0.05,-0.0005,-0.7,-0.006999999999999999,0.0,0.0
2021-02-12,0.49,0.0049,-0.12,-0.0012,0.46,0.0046,0.0,0.0
2021-02-16,-0.14,-0.0014000000000000002,-0.64,-0.0064,1.93,0.019299999999999998,0.0,0.0
2021-02-17,-0.2,-0.002,-0.84,-0.0084,0.6,0.006,0.0,0.0
2021-02-18,-0.63,-0.0063,-1.53,-0.015300000000000001,-0.21,-0.0021,0.0,0.0
2021-02-19,0.16,0.0016,1.77,0.0177,0.73,0.0073,0.0,0.0
2021-02-22,-1.11,-0.0111,-0.04,-0.0004,3.13,0.0313,0.0,0.0
2021-02-23,-0.11,-0.0011,-1.25,-0.0125,0.89,0.0089,0.0,0.0
2021-02-24,1.15,0.0115,1.19,0.011899999999999999,1.44,0.0144,0.0,0.0
2021-02-25,-2.72,-0.027200000000000002,-1.11,-0.0111,0.88,0.0088,0.0,0.0
2021-02-26,-0.28,-0.0028000000000000004,0.68,0.0068000000000000005,-1.6,-0.016,0.0,0.0
2021-03-01,2.62,0.0262,1.09,0.0109,0.23,0.0023,0.0,0.0
2021-03-02,-1.05,-0.0105,-1.09,-0.0109,1.25,0.0125,0.0,0.0
2021-03-03,-1.55,-0.0155,-0.19,-0.0019,3.56,0.0356,0.0,0.0
2021-03-04,-1.67,-0.0167,-1.35,-0.013500000000000002,1.7,0.017,0.0,0.0
2021-03-05,1.87,0.0187,0.22,0.0022,0.62,0.0062,0.0,0.0
2021-03-08,-0.67,-0.0067,0.6,0.006,3.71,0.0371,0.0,0.0
2021-03-09,1.77,0.0177,1.28,0.0128,-3.23,-0.0323,0.0,0.0
2021-03-10,0.67,0.0067,0.77,0.0077,1.82,0.0182,0.0,0.0
2021-03-11,1.41,0.0141,1.59,0.0159,-2.0,-0.02,0.0,0.0
2021-03-12,0.11,0.0011,0.14,0.0014000000000000002,1.29,0.0129,0.0,0.0
2021-03-15,0.69,0.0069,-0.12,-0.0012,-1.27,-0.0127,0.0,0.0
2021-03-16,-0.41,-0.0040999999999999995,-1.09,-0.0109,-0.85,-0.0085,0.0,0.0
2021-03-17,0.34,0.0034000000000000002,0.47,0.004699999999999999,0.34,0.0034000000000000002,0.0,0.0
2021-03-18,-1.86,-0.018600000000000002,-1.74,-0.0174,2.16,0.0216,0.0,0.0
2021-03-19,0.23,0.0023,1.26,0.0126,-0.99,-0.009899999999999999,0.0,0.0
2021-03-22,0.56,0.005600000000000001,-1.19,-0.011899999999999999,-2.23,-0.0223,0.0,0.0
2021-03-23,-1.16,-0.0116,-2.7,-0.027000000000000003,-1.04,-0.0104,0.0,0.0
2021-03-24,-0.97,-0.0097,-1.97,-0.0197,1.46,0.0146,0.0,0.0
2021-03-25,0.67,0.0067,1.68,0.0168,1.4,0.013999999999999999,0.0,0.0
2021-03-26,1.56,0.015600000000000001,0.19,0.0019,0.68,0.0068000000000000005,0.0,0.0
2021-03-29,-0.48,-0.0048,-2.41,-0.0241,-0.23,-0.0023,0.0,0.0
2021-03-30,-0.03,-0.0003,1.54,0.0154,1.01,0.0101,0.0,0.0
2021-03-31,0.63,0.0063,1.12,0.011200000000000002,-2.34,-0.023399999999999997,0.0,0.0
2021-04-01,1.27,0.0127,0.3,0.003,-0.02,-0.0002,0.0,0.0
2021-04-05,1.28,0.0128,-0.59,-0.0059,-0.71,-0.0070999999999999995,0.0,0.0
2021-04-06,0.0,0.0,-0.31,-0.0031,0.09,0.0009,0.0,0.0
2021-04-07,-0.11,-0.0011,-1.59,-0.0159,0.3,0.003,0.0,0.0
2021-04-08,0.62,0.0062,0.59,0.0059,-1.17,-0.011699999999999999,0.0,0.0
2021-04-09,0.65,0.006500000000000001,-0.64,-0.0064,0.15,0.0015,0.0,0.0
2021-04-12,-0.04,-0.0004,-0.6,-0.006,0.56,0.005600000000000001,0.0,0.0
2021-04-13,0.41,0.0040999999999999995,-0.3,-0.003,-1.6,-0.016,0.0,0.0
2021-04-14,-0.34,-0.0034000000000000002,0.79,0.0079,1.41,0.0141,0.0,0.0
2021-04-15,1.06,0.0106,-0.44,-0.0044,-1.19,-0.011899999999999999,0.0,0.0
2021-04-16,0.27,0.0027,-0.36,-0.0036,0.65,0.006500000000000001,0.0,0.0
2021-04-19,-0.72,-0.0072,-0.78,-0.0078000000000000005,0.79,0.0079,0.0,0.0
2021-04-20,-0.93,-0.009300000000000001,-1.18,-0.0118,-1.57,-0.015700000000000002,0.0,0.0
2021-04-21,1.1,0.011000000000000001,1.38,0.0138,0.12,0.0012,0.0,0.0
2021-04-22,-0.78,-0.0078000000000000005,0.66,0.0066,-0.77,-0.0077,0.0,0.0
2021-04-23,1.26,0.0126,0.75,0.0075,0.69,0.0069,0.0,0.0
2021-04-26,0.41,0.0040999999999999995,0.88,0.0088,-0.5,-0.005,0.0,0.0
2021-04-27,-0.03,-0.0003,-0.16,-0.0016,0.85,0.0085,0.0,0.0
2021-04-28,-0.07,-0.0007000000000000001,0.18,0.0018,0.2,0.002,0.0,0.0
2021-04-29,0.4,0.004,-1.13,-0.0113,1.09,0.0109,0.0,0.0
2021-04-30,-0.82,-0.008199999999999999,-0.43,-0.0043,-0.33,-0.0033,0.0,0.0
2021-05-03,0.18,0.0018,0.44,0.0044,1.7,0.017,0.0,0.0
2021-05-04,-0.89,-0.0089,-0.75,-0.0075,2.0,0.02,0.0,0.0
2021-05-05,-0.05,-0.0005,-0.46,-0.0046,1.33,0.013300000000000001,0.0,0.0
2021-05-06,0.49,0.0049,-0.79,-0.0079,1.18,0.0118,0.0,0.0
2021-05-07,0.84,0.0084,0.42,0.0042,-0.08,-0.0008,0.0,0.0
2021-05-10,-1.35,-0.013500000000000002,-1.67,-0.0167,1.68,0.0168,0.0,0.0
2021-05-11,-0.63,-0.0063,0.95,0.0095,-0.87,-0.0087,0.0,0.0
2021-05-12,-2.34,-0.023399999999999997,-1.32,-0.0132,0.7,0.006999999999999999,0.0,0.0
2021-05-13,1.04,0.0104,0.26,0.0026,1.13,0.0113,0.0,0.0
2021-05-14,1.79,0.0179,0.98,0.0098,-0.16,-0.0016,0.0,0.0
2021-05-17,-0.24,-0.0024,0.59,0.0059,0.84,0.0084,0.0,0.0
2021-05-18,-0.7,-0.006999999999999999,0.26,0.0026,-0.93,-0.009300000000000001,0.0,0.0
2021-05-19,-0.34,-0.0034000000000000002,-0.38,-0.0038,-0.46,-0.0046,0.0,0.0
2021-05-20,1.14,0.011399999999999999,-0.1,-0.001,-1.42,-0.014199999999999999,0.0,0.0
2021-05-21,-0.04,-0.0004,0.22,0.0022,0.98,0.0098,0.0,0.0
2021-05-24,0.99,0.009899999999999999,-0.37,-0.0037,-0.7,-0.006999999999999999,0.0,0.0
2021-05-25,-0.3,-0.003,-0.61,-0.0060999999999999995,-1.23,-0.0123,0.0,0.0
2021-05-26,0.46,0.0046,1.75,0.0175,0.57,0.005699999999999999,0.0,0.0
2021-05-27,0.27,0.0027,0.8,0.008,0.95,0.0095,0.0,0.0
2021-05-28,0.04,0.0004,-0.29,-0.0029,-0.32,-0.0032,0.0,0.0
2021-06-01,0.03,0.0003,1.11,0.0111,1.44,0.0144,0.0,0.0
2021-06-02,0.11,0.0011,-0.13,-0.0013,0.32,0.0032,0.0,0.0
2021-06-03,-0.53,-0.0053,-0.54,-0.0054,0.73,0.0073,0.0,0.0
2021-06-04,0.9,0.009000000000000001,-0.35,-0.0034999999999999996,-0.91,-0.0091,0.0,0.0
2021-06-07,0.14,0.0014000000000000002,1.56,0.015600000000000001,-0.95,-0.0095,0.0,0.0
2021-06-08,0.18,0.0018,1.14,0.011399999999999999,-0.31,-0.0031,0.0,0.0
2021-06-09,-0.29,-0.0029,-0.3,-0.003,-0.84,-0.0084,0.0,0.0
2021-06-10,0.41,0.0040999999999999995,-0.89,-0.0089,-2.05,-0.020499999999999997,0.0,0.0
2021-06-11,0.37,0.0037,0.67,0.0067,0.17,0.0017000000000000001,0.0,0.0
2021-06-14,0.15,0.0015,-0.31,-0.0031,-1.62,-0.016200000000000003,0.0,0.0
2021-06-15,-0.3,-0.003,-0.01,-0.0001,1.28,0.0128,0.0,0.0
2021-06-16,-0.46,-0.0046,0.45,0.0045000000000000005,0.2,0.002,0.0,0.0
2021-06-17,0.01,0.0001,-0.49,-0.0049,-3.57,-0.035699999999999996,0.0,0.0
2021-06-18,-1.23,-0.0123,-0.42,-0.0042,-1.44,-0.0144,0.0,0.0
2021-06-21,1.36,0.013600000000000001,0.61,0.0060999999999999995,1.06,0.0106,0.0,0.0
2021-06-22,0.58,0.0058,0.04,0.0004,-0.43,-0.0043,0.0,0.0
2021-06-23,0.0,0.0,0.55,0.0055000000000000005,-0.29,-0.0029,0.0,0.0
2021-06-24,0.69,0.0069,0.66,0.0066,0.23,0.0023,0.0,0.0
2021-06-25,0.31,0.0031,-0.7,-0.006999999999999999,0.43,0.0043,0.0,0.0
2021-06-28,0.21,0.0021,-0.51,-0.0051,-1.59,-0.0159,0.0,0.0
2021-06-29,0.01,0.0001,-0.24,-0.0024,-0.3,-0.003,0.0,0.0
2021-06-30,0.07,0.0007000000000000001,-0.11,-0.0011,0.75,0.0075,0.0,0.0
2021-07-01,0.44,0.0044,0.36,0.0036,0.44,0.0044,0.0,0.0
2021-07-02,0.56,0.005600000000000001,-1.35,-0.013500000000000002,-0.7,-0.006999999999999999,0.0,0.0
2021-07-06,-0.27,-0.0027,-0.64,-0.0064,-2.0,-0.02,0.0,0.0
2021-07-07,0.1,0.001,-0.9,-0.009000000000000001,0.08,0.0008,0.0,0.0
2021-07-08,-0.86,-0.0086,0.15,0.0015,-0.79,-0.0079,0.0,0.0
2021-07-09,1.26,0.0126,0.62,0.0062,1.57,0.015700000000000002,0.0,0.0
2021-07-12,0.23,0.0023,-0.16,-0.0016,0.56,0.005600000000000001,0.0,0.0
2021-07-13,-0.55,-0.0055000000000000005,-1.12,-0.011200000000000002,-0.41,-0.0040999999999999995,0.0,0.0
2021-07-14,-0.25,-0.0025,-1.16,-0.0116,0.35,0.0034999999999999996,0.0,0.0
2021-07-15,-0.38,-0.0038,-0.35,-0.0034999999999999996,0.79,0.0079,0.0,0.0
2021-07-16,-0.76,-0.0076,-0.23,-0.0023,-1.27,-0.0127,0.0,0.0
2021-07-19,-1.42,-0.014199999999999999,0.32,0.0032,-1.77,-0.0177,0.0,0.0
2021-07-20,1.7,0.017,0.8,0.008,0.14,0.0014000000000000002,0.0,0.0
2021-07-21,0.95,0.0095,0.63,0.0063,0.81,0.008100000000000001,0.0,0.0
2021-07-22,0.1,0.001,-1.33,-0.013300000000000001,-1.02,-0.0102,0.0,0.0
2021-07-23,0.99,0.009899999999999999,-0.1,-0.001,-0.45,-0.0045000000000000005,0.0,0.0
2021-07-26,0.18,0.0018,-0.1,-0.001,1.33,0.013300000000000001,0.0,0.0
2021-07-27,-0.65,-0.006500000000000001,-0.65,-0.006500000000000001,0.59,0.0059,0.0,0.0
2021-07-28,0.27,0.0027,1.4,0.013999999999999999,-0.64,-0.0064,0.0,0.0
2021-07-29,0.41,0.0040999999999999995,0.0,0.0,0.94,0.009399999999999999,0.0,0.0
2021-07-30,-0.65,-0.006500000000000001,-0.07,-0.0007000000000000001,-0.18,-0.0018,0.0,0.0
2021-08-02,-0.12,-0.0012,-0.13,-0.0013,-0.45,-0.0045000000000000005,0.0,0.0
2021-08-03,0.73,0.0073,-0.47,-0.004699999999999999,0.93,0.009300000000000001,0.0,0.0
2021-08-04,-0.39,-0.0039000000000000003,-0.61,-0.0060999999999999995,-1.57,-0.015700000000000002,0.0,0.0
2021-08-05,0.74,0.0074,1.13,0.0113,-0.12,-0.0012,0.0,0.0
2021-08-06,0.09,0.0009,0.06,0.0006,1.88,0.018799999999999997,0.0,0.0
2021-08-09,0.0,0.0,-0.36,-0.0036,-0.27,-0.0027,0.0,0.0
2021-08-10,0.06,0.0006,0.01,0.0001,1.82,0.0182,0.0,0.0
2021-08-11,0.2,0.002,-0.01,-0.0001,1.44,0.0144,0.0,0.0
2021-08-12,0.24,0.0024,-0.59,-0.0059,-0.41,-0.0040999999999999995,0.0,0.0
2021-08-13,0.02,0.0002,-0.84,-0.0084,-0.27,-0.0027,0.0,0.0
2021-08-16,-0.03,-0.0003,-0.85,-0.0085,0.06,0.0006,0.0,0.0
2021-08-17,-0.79,-0.0079,-0.45,-0.0045000000000000005,-0.13,-0.0013,0.0,0.0
2021-08-18,-0.96,-0.0096,0.11,0.0011,-0.18,-0.0018,0.0,0.0
2021-08-19,-0.13,-0.0013,-0.79,-0.0079,-0.83,-0.0083,0.0,0.0
2021-08-20,0.92,0.0092,1.0,0.01,-0.5,-0.005,0.0,0.0
2021-08-23,1.07,0.010700000000000001,0.93,0.009300000000000001,-0.83,-0.0083,0.0,0.0
2021-08-24,0.4,0.004,0.36,0.0036,0.35,0.0034999999999999996,0.0,0.0
2021-08-25,0.27,0.0027,-0.04,-0.0004,0.36,0.0036,0.0,0.0
2021-08-26,-0.65,-0.006500000000000001,-0.39,-0.0039000000000000003,-0.33,-0.0033,0.0,0.0
2021-08-27,1.07,0.010700000000000001,1.61,0.0161,0.31,0.0031,0.0,0.0
2021-08-30,0.35,0.0034999999999999996,-0.33,-0.0033,-1.39,-0.0139,0.0,0.0
2021-08-31,-0.13,-0.0013,0.44,0.0044,-0.04,-0.0004,0.0,0.0
2021-09-01,0.11,0.0011,0.59,0.0059,-0.96,-0.0096,0.0,0.0
2021-09-02,0.35,0.0034999999999999996,0.1,0.001,-0.02,-0.0002,0.0,0.0
2021-09-03,-0.02,-0.0002,-0.38,-0.0038,-0.28,-0.0028000000000000004,0.0,0.0
2021-09-07,-0.36,-0.0036,-0.13,-0.0013,-0.08,-0.0008,0.0,0.0
2021-09-08,-0.33,-0.0033,-0.82,-0.008199999999999999,0.07,0.0007000000000000001,0.0,0.0
2021-09-09,-0.28,-0.0028000000000000004,0.24,0.0024,0.09,0.0009,0.0,0.0
2021-09-10,-0.76,-0.0076,-0.08,-0.0008,0.02,0.0002,0.0,0.0
2021-09-13,0.14,0.0014000000000000002,-0.07,-0.0007000000000000001,1.35,0.013500000000000002,0.0,0.0
2021-09-14,-0.66,-0.0066,-0.49,-0.0049,-0.97,-0.0097,0.0,0.0
2021-09-15,0.88,0.0088,0.02,0.0002,0.67,0.0067,0.0,0.0
2021-09-16,-0.05,-0.0005,0.04,0.0004,-0.58,-0.0058,0.0,0.0
2021-09-17,-0.74,-0.0074,0.98,0.0098,-0.05,-0.0005,0.0,0.0
2021-09-20,-1.86,-0.018600000000000002,-0.57,-0.005699999999999999,0.22,0.0022,0.0,0.0
2021-09-21,0.03,0.0003,0.46,0.0046,-0.68,-0.0068000000000000005,0.0,0.0
2021-09-22,1.0,0.01,0.12,0.0012,0.61,0.0060999999999999995,0.0,0.0
2021-09-23,1.28,0.0128,0.36,0.0036,0.92,0.0092,0.0,0.0
2021-09-24,0.09,0.0009,-0.47,-0.004699999999999999,0.71,0.0070999999999999995,0.0,0.0
2021-09-27,-0.11,-0.0011,1.26,0.0126,2.44,0.024399999999999998,0.0,0.0
2021-09-28,-2.17,-0.0217,-0.43,-0.0043,1.76,0.0176,0.0,0.0
2021-09-29,0.04,0.0004,-0.3,-0.003,0.81,0.008100000000000001,0.0,0.0
2021-09-30,-1.03,-0.0103,0.31,0.0031,-0.77,-0.0077,0.0,0.0
2021-10-01,1.12,0.011200000000000002,0.41,0.0040999999999999995,0.51,0.0051,0.0,0.0
2021-10-04,-1.42,-0.014199999999999999,-0.02,-0.0002,2.35,0.0235,0.0,0.0
2021-10-05,1.06,0.0106,-0.52,-0.0052,-0.07,-0.0007000000000000001,0.0,0.0
2021-10-06,0.34,0.0034000000000000002,-0.86,-0.0086,-0.5,-0.005,0.0,0.0
2021-10-07,1.01,0.0101,0.53,0.0053,-0.18,-0.0018,0.0,0.0
2021-10-08,-0.27,-0.0027,-0.6,-0.006,1.13,0.0113,0.0,0.0
2021-10-11,-0.72,-0.0072,0.32,0.0032,-0.28,-0.0028000000000000004,0.0,0.0
2021-10-12,-0.07,-0.0007000000000000001,0.63,0.0063,-0.43,-0.0043,0.0,0.0
2021-10-13,0.43,0.0043,0.14,0.0014000000000000002,-1.05,-0.0105,0.0,0.0
2021-10-14,1.65,0.0165,-0.32,-0.0032,-0.28,-0.0028000000000000004,0.0,0.0
2021-10-15,0.64,0.0064,-1.19,-0.011899999999999999,0.28,0.0028000000000000004,0.0,0.0
2021-10-18,0.4,0.004,-0.23,-0.0023,-0.01,-0.0001,0.0,0.0
2021-10-19,0.7,0.006999999999999999,-0.49,-0.0049,-0.24,-0.0024,0.0,0.0
2021-10-20,0.34,0.0034000000000000002,-0.02,-0.0002,1.2,0.012,0.0,0.0
2021-10-21,0.36,0.0036,0.21,0.0021,-0.99,-0.009899999999999999,0.0,0.0
2021-10-22,-0.25,-0.0025,-0.23,-0.0023,1.02,0.0102,0.0,0.0
2021-10-25,0.56,0.005600000000000001,0.49,0.0049,-0.13,-0.0013,0.0,0.0
2021-10-26,0.05,0.0005,-0.7,-0.006999999999999999,-0.3,-0.003,0.0,0.0
2021-10-27,-0.76,-0.0076,-0.72,-0.0072,-1.2,-0.012,0.0,0.0
2021-10-28,1.11,0.0111,0.88,0.0088,-0.5,-0.005,0.0,0.0
2021-10-29,0.21,0.0021,0.19,0.0019,-0.83,-0.0083,0.0,0.0
2021-11-01,0.5,0.005,2.0,0.02,0.44,0.0044,0.0,0.0
2021-11-02,0.25,0.0025,-0.29,-0.0029,-0.55,-0.0055000000000000005,0.0,0.0
2021-11-03,0.79,0.0079,1.45,0.014499999999999999,-0.16,-0.0016,0.0,0.0
2021-11-04,0.39,0.0039000000000000003,-0.02,-0.0002,-1.38,-0.0138,0.0,0.0
2021-11-05,0.37,0.0037,0.68,0.0068000000000000005,1.22,0.012199999999999999,0.0,0.0
2021-11-08,0.16,0.0016,0.02,0.0002,0.1,0.001,0.0,0.0
2021-11-09,-0.34,-0.0034000000000000002,-0.18,-0.0018,0.46,0.0046,0.0,0.0
2021-11-10,-1.04,-0.0104,-0.66,-0.0066,0.95,0.0095,0.0,0.0
2021-11-11,0.17,0.0017000000000000001,0.53,0.0053,0.34,0.0034000000000000002,0.0,0.0
2021-11-12,0.74,0.0074,-0.32,-0.0032,-0.91,-0.0091,0.0,0.0
2021-11-15,-0.06,-0.0006,-0.52,-0.0052,0.7,0.006999999999999999,0.0,0.0
2021-11-16,0.44,0.0044,0.04,0.0004,-0.68,-0.0068000000000000005,0.0,0.0
2021-11-17,-0.41,-0.0040999999999999995,-0.57,-0.005699999999999999,-0.26,-0.0026,0.0,0.0
2021-11-18,0.14,0.0014000000000000002,-0.56,-0.005600000000000001,-0.06,-0.0006,0.0,0.0
2021-11-19,-0.25,-0.0025,-0.17,-0.0017000000000000001,-1.31,-0.0131,0.0,0.0
2021-11-22,-0.57,-0.005699999999999999,-0.54,-0.0054,2.78,0.0278,0.0,0.0
2021-11-23,-0.02,-0.0002,-0.52,-0.0052,1.77,0.0177,0.0,0.0
2021-11-24,0.3,0.003,0.03,0.0003,-0.87,-0.0087,0.0,0.0
2021-11-26,-2.23,-0.0223,-1.22,-0.012199999999999999,-0.95,-0.0095,0.0,0.0
2021-11-29,1.1,0.011000000000000001,-1.02,-0.0102,-0.78,-0.0078000000000000005,0.0,0.0
2021-11-30,-1.95,-0.0195,0.53,0.0053,-1.13,-0.0113,0.0,0.0
2021-12-01,-1.59,-0.0159,-0.78,-0.0078000000000000005,1.09,0.0109,0.0,0.0
2021-12-02,1.53,0.015300000000000001,0.72,0.0072,1.24,0.0124,0.0,0.0
2021-12-03,-1.18,-0.0118,-1.15,-0.0115,1.08,0.0108,0.0,0.0
2021-12-06,1.2,0.012,0.76,0.0076,0.63,0.0063,0.0,0.0
2021-12-07,2.22,0.0222,0.2,0.002,-1.78,-0.0178,0.0,0.0
2021-12-08,0.46,0.0046,0.67,0.0067,-0.85,-0.0085,0.0,0.0
2021-12-09,-1.04,-0.0104,-1.36,-0.013600000000000001,1.55,0.0155,0.0,0.0
2021-12-10,0.71,0.0070999999999999995,-0.83,-0.0083,0.52,0.0052,0.0,0.0
2021-12-13,-1.04,-0.0104,-0.3,-0.003,-0.99,-0.009899999999999999,0.0,0.0
2021-12-14,-0.76,-0.0076,-0.68,-0.0068000000000000005,1.65,0.0165,0.0,0.0
2021-12-15,1.62,0.016200000000000003,0.38,0.0038,-1.91,-0.0191,0.0,0.0
2021-12-16,-1.19,-0.011899999999999999,-1.6,-0.016,2.8,0.027999999999999997,0.0,0.0
2021-12-17,-0.66,-0.0066,1.89,0.0189,-2.34,-0.023399999999999997,0.0,0.0
2021-12-20,-1.26,-0.0126,-0.16,-0.0016,-0.41,-0.0040999999999999995,0.0,0.0
2021-12-21,2.06,0.0206,0.82,0.008199999999999999,0.19,0.0019,0.0,0.0
2021-12-22,0.97,0.0097,0.26,0.0026,-0.35,-0.0034999999999999996,0.0,0.0
2021-12-23,0.72,0.0072,0.35,0.0034999999999999996,-0.49,-0.0049,0.0,0.0
2021-12-27,1.23,0.0123,-0.1,-0.001,0.31,0.0031,0.0,0.0
2021-12-28,-0.26,-0.0026,-0.6,-0.006,0.82,0.008199999999999999,0.0,0.0
2021-12-29,0.07,0.0007000000000000001,-0.06,-0.0006,0.17,0.0017000000000000001,0.0,0.0
2021-12-30,-0.17,-0.0017000000000000001,0.1,0.001,-0.41,-0.0040999999999999995,0.0,0.0
2021-12-31,-0.31,-0.0031,0.05,0.0005,0.52,0.0052,0.0,0.0
2022-01-03,0.72,0.0072,0.35,0.0034999999999999996,0.77,0.0077,0.0,0.0
2022-01-04,-0.27,-0.0027,-0.81,-0.008100000000000001,3.64,0.0364,0.0,0.0
2022-01-05,-2.26,-0.0226,-1.46,-0.0146,2.58,0.0258,0.0,0.0
2022-01-06,0.0,0.0,0.21,0.0021,1.76,0.0176,0.0,0.0
2022-01-07,-0.49,-0.0049,-1.32,-0.0132,2.02,0.0202,0.0,0.0
2022-01-10,-0.14,-0.0014000000000000002,-0.24,-0.0024,-0.26,-0.0026,0.0,0.0
2022-01-11,1.08,0.0108,-0.09,-0.0009,-0.27,-0.0027,0.0,0.0
2022-01-12,0.13,0.0013,-0.89,-0.0089,0.52,0.0052,0.0,0.0
2022-01-13,-1.55,-0.0155,0.32,0.0032,2.39,0.0239,0.0,0.0
2022-01-14,0.08,0.0008,0.18,0.0018,0.55,0.0055000000000000005,0.0,0.0
2022-01-18,-2.06,-0.0206,-1.04,-0.0104,1.38,0.0138,0.0,0.0
2022-01-19,-1.02,-0.0102,-0.32,-0.0032,-0.67,-0.0067,0.0,0.0
2022-01-20,-1.15,-0.0115,-0.86,-0.0086,-0.23,-0.0023,0.0,0.0
2022-01-21,-2.09,-0.0209,0.28,0.0028000000000000004,0.47,0.004699999999999999,0.0,0.0
2022-01-24,0.53,0.0053,1.81,0.0181,-0.25,-0.0025,0.0,0.0
2022-01-25,-1.42,-0.014199999999999999,-0.61,-0.0060999999999999995,2.8,0.027999999999999997,0.0,0.0
2022-01-26,-0.29,-0.0029,-1.07,-0.010700000000000001,0.1,0.001,0.0,0.0
2022-01-27,-0.76,-0.0076,-1.65,-0.0165,0.83,0.0083,0.0,0.0
2022-01-28,2.46,0.0246,-0.15,-0.0015,-2.08,-0.0208,0.0,0.0
2022-01-31,2.32,0.0232,1.31,0.0131,-2.87,-0.0287,0.0,0.0
2022-02-01,0.87,0.0087,0.06,0.0006,0.65,0.006500000000000001,0.0,0.0
2022-02-02,0.51,0.0051,-1.73,-0.0173,0.7,0.006999999999999999,0.0,0.0
2022-02-03,-2.48,-0.0248,-0.06,-0.0006,2.19,0.0219,0.0,0.0
2022-02-04,0.89,0.0089,-0.02,-0.0002,-0.6,-0.006,0.0,0.0
2022-02-07,-0.24,-0.0024,0.55,0.0055000000000000005,0.2,0.002,0.0,0.0
2022-02-08,1.02,0.0102,0.67,0.0067,-0.29,-0.0029,0.0,0.0
2022-02-09,1.6,0.016,0.24,0.0024,-1.96,-0.0196,0.0,0.0
2022-02-10,-1.69,-0.0169,-0.14,-0.0014000000000000002,1.23,0.0123,0.0,0.0
2022-02-11,-1.91,-0.0191,0.61,0.0060999999999999995,2.13,0.0213,0.0,0.0
2022-02-14,-0.35,-0.0034999999999999996,0.22,0.0022,-0.62,-0.0062,0.0,0.0
2022-02-15,1.85,0.018500000000000003,1.31,0.0131,-1.4,-0.013999999999999999,0.0,0.0
2022-02-16,-0.02,-0.0002,-0.1,-0.001,0.32,0.0032,0.0,0.0
2022-02-17,-2.29,-0.0229,-0.3,-0.003,1.15,0.0115,0.0,0.0
2022-02-18,-0.85,-0.0085,-0.09,-0.0009,0.95,0.0095,0.0,0.0
2022-02-22,-1.17,-0.011699999999999999,-0.48,-0.0048,0.09,0.0009,0.0,0.0
2022-02-23,-1.95,-0.0195,-0.2,-0.002,1.25,0.0125,0.0,0.0
2022-02-24,1.87,0.0187,1.5,0.015,-3.88,-0.0388,0.0,0.0
2022-02-25,2.24,0.022400000000000003,-0.42,-0.0042,1.19,0.011899999999999999,0.0,0.0
2022-02-28,0.03,0.0003,0.63,0.0063,-0.46,-0.0046,0.0,0.0
2022-03-01,-1.55,-0.0155,-0.11,-0.0011,-0.85,-0.0085,0.0,0.0
2022-03-02,1.82,0.0182,0.46,0.0046,1.3,0.013000000000000001,0.0,0.0
2022-03-03,-0.86,-0.0086,-0.57,-0.005699999999999999,1.51,0.0151,0.0,0.0
2022-03-04,-1.09,-0.0109,-0.67,-0.0067,0.72,0.0072,0.0,0.0
2022-03-07,-3.14,-0.031400000000000004,0.58,0.0058,0.89,0.0089,0.0,0.0
2022-03-08,-0.53,-0.0053,1.03,0.0103,0.3,0.003,0.0,0.0
2022-03-09,2.79,0.0279,0.36,0.0036,-2.17,-0.0217,0.0,0.0
2022-03-10,-0.47,-0.004699999999999999,0.11,0.0011,1.18,0.0118,0.0,0.0
2022-03-11,-1.48,-0.0148,-0.44,-0.0044,1.76,0.0176,0.0,0.0
2022-03-14,-1.04,-0.0104,-1.34,-0.0134,1.79,0.0179,0.0,0.0
2022-03-15,2.15,0.0215,-0.15,-0.0015,-2.37,-0.023700000000000002,0.0,0.0
2022-03-16,2.6,0.026000000000000002,0.8,0.008,-1.85,-0.018500000000000003,0.0,0.0
2022-03-17,1.42,0.014199999999999999,0.29,0.0029,-1.06,-0.0106,0.0,0.0
2022-03-18,1.32,0.0132,0.28,0.0028000000000000004,-1.87,-0.0187,0.0,0.0
2022-03-21,-0.17,-0.0017000000000000001,-1.12,-0.011200000000000002,1.64,0.016399999999999998,0.0,0.0
2022-03-22,1.3,0.013000000000000001,0.05,0.0005,-1.19,-0.011899999999999999,0.0,0.0
2022-03-23,-1.25,-0.0125,-0.64,-0.0064,0.4,0.004,0.0,0.0
2022-03-24,1.42,0.014199999999999999,-0.08,-0.0008,-0.82,-0.008199999999999999,0.0,0.0
2022-03-25,0.28,0.0028000000000000004,-0.59,-0.0059,2.19,0.0219,0.0,0.0
2022-03-28,0.73,0.0073,-0.56,-0.005600000000000001,-1.72,-0.0172,0.0,0.0
2022-03-29,1.43,0.0143,1.53,0.015300000000000001,-1.92,-0.0192,0.0,0.0
2022-03-30,-0.82,-0.008199999999999999,-1.29,-0.0129,0.4,0.004,0.0,0.0
2022-03-31,-1.54,-0.0154,0.72,0.0072,-0.45,-0.0045000000000000005,0.0,0.0
2022-04-01,0.39,0.0039000000000000003,0.7,0.006999999999999999,-0.61,-0.0060999999999999995,0.0,0.0
2022-04-04,0.93,0.009300000000000001,-0.06,-0.0006,-1.86,-0.018600000000000002,0.0,0.0
2022-04-05,-1.53,-0.015300000000000001,-0.96,-0.0096,0.82,0.008199999999999999,0.0,0.0
2022-04-06,-1.23,-0.0123,-0.66,-0.0066,1.08,0.0108,0.0,0.0
2022-04-07,0.34,0.0034000000000000002,-0.61,-0.0060999999999999995,-0.12,-0.0012,0.0,0.0
2022-04-08,-0.38,-0.0038,-0.99,-0.009899999999999999,2.27,0.0227,0.0,0.0
2022-04-11,-1.54,-0.0154,0.29,0.0029,1.05,0.0105,0.0,0.0
2022-04-12,-0.29,-0.0029,0.54,0.0054,0.47,0.004699999999999999,0.0,0.0
2022-04-13,1.39,0.0139,0.92,0.0092,-0.71,-0.0070999999999999995,0.0,0.0
2022-04-14,-1.28,-0.0128,0.02,0.0002,1.43,0.0143,0.0,0.0
2022-04-18,-0.19,-0.0019,-0.81,-0.008100000000000001,1.8,0.018000000000000002,0.0,0.0
2022-04-19,1.76,0.0176,0.59,0.0059,-0.97,-0.0097,0.0,0.0
2022-04-20,-0.27,-0.0027,0.2,0.002,1.26,0.0126,0.0,0.0
2022-04-21,-1.73,-0.0173,-0.73,-0.0073,0.41,0.0040999999999999995,0.0,0.0
2022-04-22,-2.74,-0.0274,0.33,0.0033,-0.18,-0.0018,0.0,0.0
2022-04-25,0.7,0.006999999999999999,0.44,0.0044,-1.86,-0.018600000000000002,0.0,0.0
2022-04-26,-2.99,-0.029900000000000003,-0.68,-0.0068000000000000005,1.8,0.018000000000000002,0.0,0.0
2022-04-27,0.13,0.0013,-0.61,-0.0060999999999999995,0.34,0.0034000000000000002,0.0,0.0
2022-04-28,2.45,0.0245,-0.19,-0.0019,-0.42,-0.0042,0.0,0.0
2022-04-29,-3.54,-0.0354,0.74,0.0074,0.61,0.0060999999999999995,0.0,0.0
2022-05-02,0.8,0.008,0.6,0.006,-1.16,-0.0116,0.0,0.0
2022-05-03,0.41,0.0040999999999999995,-0.17,-0.0017000000000000001,1.65,0.0165,0.0,0.0
2022-05-04,3.01,0.0301,-0.45,-0.0045000000000000005,0.24,0.0024,0.0,0.0
2022-05-05,-3.8,-0.038,-0.79,-0.0079,2.37,0.023700000000000002,0.0,0.0
2022-05-06,-0.85,-0.0085,-1.34,-0.0134,1.84,0.0184,0.0,0.0
2022-05-09,-3.52,-0.0352,-0.51,-0.0051,1.33,0.013300000000000001,0.0,0.0
2022-05-10,0.22,0.0022,-0.22,-0.0022,-1.22,-0.012199999999999999,0.0,0.0
2022-05-11,-1.93,-0.019299999999999998,-1.13,-0.0113,2.61,0.026099999999999998,0.0,0.0
2022-05-12,0.15,0.0015,1.29,0.0129,-1.23,-0.0123,0.0,0.0
2022-05-13,2.74,0.0274,0.88,0.0088,-2.18,-0.0218,0.0,0.0
2022-05-16,-0.59,-0.0059,-0.2,-0.002,1.31,0.0131,0.0,0.0
2022-05-17,2.13,0.0213,0.96,0.0096,-0.05,-0.0005,0.0,0.0
2022-05-18,-4.06,-0.0406,0.21,0.0021,1.54,0.0154,0.0,0.0
2022-05-19,-0.34,-0.0034000000000000002,0.49,0.0049,-0.8,-0.008,0.0,0.0
2022-05-20,-0.05,-0.0005,-0.11,-0.0011,-0.19,-0.0019,0.0,0.0
2022-05-23,1.75,0.0175,-1.06,-0.0106,1.31,0.0131,0.0,0.0
2022-05-24,-1.21,-0.0121,-0.92,-0.0092,1.83,0.0183,0.0,0.0
2022-05-25,1.21,0.0121,0.79,0.0079,0.2,0.002,0.0,0.0
2022-05-26,2.18,0.0218,0.19,0.0019,-0.61,-0.0060999999999999995,0.0,0.0
2022-05-27,2.58,0.0258,0.36,0.0036,-1.28,-0.0128,0.0,0.0
2022-05-31,-0.71,-0.0070999999999999995,-0.5,-0.005,0.46,0.0046,0.0,0.0
2022-06-01,-0.74,-0.0074,0.2,0.002,0.8,0.008,0.0,0.0
2022-06-02,2.08,0.0208,0.84,0.0084,-2.08,-0.0208,0.0,0.0
2022-06-03,-1.63,-0.0163,0.85,0.0085,0.55,0.0055000000000000005,0.0,0.0
2022-06-06,0.33,0.0033,-0.02,-0.0002,0.66,0.0066,0.0,0.0
2022-06-07,1.0,0.01,0.33,0.0033,-0.15,-0.0015,0.0,0.0
2022-06-08,-1.02,-0.0102,-0.09,-0.0009,-0.52,-0.0052,0.0,0.0
2022-06-09,-2.43,-0.024300000000000002,0.32,0.0032,0.26,0.0026,0.0,0.0
2022-06-10,-3.0,-0.03,0.09,0.0009,0.66,0.0066,0.0,0.0
2022-06-13,-4.12,-0.0412,-0.65,-0.006500000000000001,0.6,0.006,0.0,0.0
2022-06-14,-0.26,-0.0026,0.22,0.0022,0.11,0.0011,0.0,0.0
2022-06-15,1.55,0.0155,0.28,0.0028000000000000004,-1.67,-0.0167,0.0,0.0
2022-06-16,-3.52,-0.0352,-1.18,-0.0118,0.0,0.0,0.0,0.0
2022-06-17,0.45,0.0045000000000000005,1.11,0.0111,-2.68,-0.0268,0.0,0.0
2022-06-21,2.38,0.023799999999999998,-0.76,-0.0076,0.24,0.0024,0.0,0.0
2022-06-22,-0.19,-0.0019,0.2,0.002,-1.82,-0.0182,0.0,0.0
2022-06-23,1.12,0.011200000000000002,0.8,0.008,-3.89,-0.038900000000000004,0.0,0.0
2022-06-24,3.13,0.0313,-0.39,-0.0039000000000000003,-0.01,-0.0001,0.0,0.0
2022-06-27,-0.27,-0.0027,0.56,0.005600000000000001,1.25,0.0125,0.0,0.0
2022-06-28,-2.09,-0.0209,-0.36,-0.0036,2.4,0.024,0.0,0.0
2022-06-29,-0.19,-0.0019,-0.44,-0.0044,-1.33,-0.013300000000000001,0.0,0.0
2022-06-30,-0.96,-0.0096,0.41,0.0040999999999999995,-0.14,-0.0014000000000000002,0.0,0.0
2022-07-01,1.15,0.0115,0.03,0.0003,0.12,0.0012,0.0,0.0
2022-07-05,0.48,0.0048,1.83,0.0183,-3.34,-0.0334,0.0,0.0
2022-07-06,0.17,0.0017000000000000001,-0.75,-0.0075,-0.76,-0.0076,0.0,0.0
2022-07-07,1.76,0.0176,0.98,0.0098,-0.95,-0.0095,0.0,0.0
2022-07-08,-0.07,-0.0007000000000000001,0.12,0.0012,-0.08,-0.0008,0.0,0.0
2022-07-11,-1.38,-0.0138,-1.32,-0.0132,1.61,0.0161,0.0,0.0
2022-07-12,-0.89,-0.0089,0.74,0.0074,0.52,0.0052,0.0,0.0
2022-07-13,-0.39,-0.0039000000000000003,0.44,0.0044,-0.41,-0.0040999999999999995,0.0,0.0
2022-07-14,-0.41,-0.0040999999999999995,-0.26,-0.0026,-1.01,-0.0101,0.0,0.0
2022-07-15,1.96,0.0196,-0.06,-0.0006,0.5,0.005,0.0,0.0
2022-07-18,-0.71,-0.0070999999999999995,0.22,0.0022,1.01,0.0101,0.0,0.0
2022-07-19,2.81,0.0281,0.89,0.0089,-0.54,-0.0054,0.0,0.0
2022-07-20,0.89,0.0089,1.5,0.015,-1.32,-0.0132,0.0,0.0
2022-07-21,0.97,0.0097,0.01,0.0001,-1.61,-0.0161,0.0,0.0
2022-07-22,-1.18,-0.0118,-1.09,-0.0109,1.39,0.0139,0.0,0.0
2022-07-25,0.12,0.0012,-0.3,-0.003,1.65,0.0165,0.0,0.0
2022-07-26,-1.32,-0.0132,0.09,0.0009,1.07,0.010700000000000001,0.0,0.0
2022-07-27,2.72,0.027200000000000002,0.49,0.0049,-1.27,-0.0127,0.0,0.0
2022-07-28,1.19,0.011899999999999999,0.11,0.0011,-0.91,-0.0091,0.0,0.0
2022-07-29,1.45,0.014499999999999999,-0.94,-0.009399999999999999,0.45,0.0045000000000000005,0.0,0.0
2022-08-01,-0.2,-0.002,0.32,0.0032,-0.24,-0.0024,0.01,0.0001
2022-08-02,-0.5,-0.005,0.91,0.0091,-1.41,-0.0141,0.01,0.0001
2022-08-03,1.67,0.0167,0.75,0.0075,-1.95,-0.0195,0.01,0.0001
2022-08-04,-0.05,-0.0005,0.84,0.0084,-1.65,-0.0165,0.01,0.0001
2022-08-05,-0.04,-0.0004,0.87,0.0087,-0.05,-0.0005,0.01,0.0001
2022-08-08,0.0,0.0,0.93,0.009300000000000001,-0.09,-0.0009,0.01,0.0001
2022-08-09,-0.67,-0.0067,-1.8,-0.018000000000000002,2.1,0.021,0.01,0.0001
2022-08-10,2.35,0.0235,1.14,0.011399999999999999,-1.62,-0.016200000000000003,0.01,0.0001
2022-08-11,-0.07,-0.0007000000000000001,-0.25,-0.0025,1.67,0.0167,0.01,0.0001
2022-08-12,1.76,0.0176,0.65,0.006500000000000001,-0.79,-0.0079,0.01,0.0001
2022-08-15,0.38,0.0038,0.14,0.0014000000000000002,-0.61,-0.0060999999999999995,0.01,0.0001
2022-08-16,0.19,0.0019,-0.34,-0.0034000000000000002,0.7,0.006999999999999999,0.01,0.0001
2022-08-17,-0.92,-0.0092,-1.17,-0.011699999999999999,1.04,0.0104,0.01,0.0001
2022-08-18,0.27,0.0027,0.19,0.0019,0.45,0.0045000000000000005,0.01,0.0001
2022-08-19,-1.49,-0.0149,-1.17,-0.011699999999999999,0.98,0.0098,0.01,0.0001
2022-08-22,-2.13,-0.0213,-0.18,-0.0018,0.34,0.0034000000000000002,0.01,0.0001
2022-08-23,-0.11,-0.0011,0.02,0.0002,0.31,0.0031,0.01,0.0001
2022-08-24,0.39,0.0039000000000000003,0.65,0.006500000000000001,-0.62,-0.0062,0.01,0.0001
2022-08-25,1.45,0.014499999999999999,0.17,0.0017000000000000001,-0.01,-0.0001,0.01,0.0001
2022-08-26,-3.37,-0.0337,-0.55,-0.0055000000000000005,1.66,0.0166,0.01,0.0001
2022-08-29,-0.71,-0.0070999999999999995,-0.58,-0.0058,0.44,0.0044,0.01,0.0001
2022-08-30,-1.11,-0.0111,-0.25,-0.0025,-0.22,-0.0022,0.01,0.0001
2022-08-31,-0.75,-0.0075,0.29,0.0029,-0.46,-0.0046,0.01,0.0001
2022-09-01,0.0,0.0,-1.11,-0.0111,-0.28,-0.0028000000000000004,0.01,0.0001
2022-09-02,-0.99,-0.009899999999999999,-0.06,-0.0006,1.03,0.0103,0.01,0.0001
2022-09-06,-0.51,-0.0051,-0.45,-0.0045000000000000005,-0.54,-0.0054,0.01,0.0001
2022-09-07,1.92,0.0192,0.71,0.0070999999999999995,-1.53,-0.015300000000000001,0.01,0.0001
2022-09-08,0.78,0.0078000000000000005,-0.08,-0.0008,-0.18,-0.0018,0.01,0.0001
2022-09-09,1.67,0.0167,0.52,0.0052,-0.51,-0.0051,0.01,0.0001
2022-09-12,1.07,0.010700000000000001,0.28,0.0028000000000000004,-0.17,-0.0017000000000000001,0.01,0.0001
2022-09-13,-4.29,-0.0429,-0.17,-0.0017000000000000001,1.41,0.0141,0.01,0.0001
2022-09-14,0.44,0.0044,-0.02,-0.0002,-0.32,-0.0032,0.01,0.0001
2022-09-15,-1.04,-0.0104,0.34,0.0034000000000000002,0.61,0.0060999999999999995,0.01,0.0001
2022-09-16,-0.98,-0.0098,-0.84,-0.0084,0.86,0.0086,0.01,0.0001
2022-09-19,0.72,0.0072,-0.16,-0.0016,0.68,0.0068000000000000005,0.01,0.0001
2022-09-20,-1.15,-0.0115,-0.21,-0.0021,0.03,0.0003,0.01,0.0001
2022-09-21,-1.68,-0.0168,0.37,0.0037,0.06,0.0006,0.01,0.0001
2022-09-22,-1.14,-0.011399999999999999,-1.34,-0.0134,0.44,0.0044,0.01,0.0001
2022-09-23,-1.85,-0.018500000000000003,-0.25,-0.0025,-0.8,-0.008,0.01,0.0001
2022-09-26,-1.02,-0.0102,0.18,0.0018,-0.75,-0.0075,0.01,0.0001
2022-09-27,-0.04,-0.0004,0.65,0.006500000000000001,-0.97,-0.0097,0.01,0.0001
2022-09-28,2.14,0.021400000000000002,0.9,0.009000000000000001,-0.36,-0.0036,0.01,0.0001
2022-09-29,-2.16,-0.0216,-0.5,-0.005,0.92,0.0092,0.01,0.0001
2022-09-30,-1.43,-0.0143,0.5,0.005,0.27,0.0027,0.01,0.0001
2022-10-03,2.56,0.0256,-0.3,-0.003,0.7,0.006999999999999999,0.01,0.0001
2022-10-04,3.29,0.0329,0.8,0.008,-0.09,-0.0009,0.01,0.0001
2022-10-05,-0.21,-0.0021,-0.35,-0.0034999999999999996,0.04,0.0004,0.01,0.0001
2022-10-06,-0.85,-0.0085,0.52,0.0052,0.12,0.0012,0.01,0.0001
2022-10-07,-2.9,-0.028999999999999998,-0.62,-0.0062,1.68,0.0168,0.01,0.0001
2022-10-10,-0.8,-0.008,0.05,0.0005,0.76,0.0076,0.01,0.0001
2022-10-11,-0.7,-0.006999999999999999,0.55,0.0055000000000000005,0.33,0.0033,0.01,0.0001
2022-10-12,-0.27,-0.0027,0.07,0.0007000000000000001,0.04,0.0004,0.01,0.0001
2022-10-13,2.41,0.0241,-0.62,-0.0062,1.57,0.015700000000000002,0.01,0.0001
2022-10-14,-2.45,-0.0245,-0.45,-0.0045000000000000005,1.23,0.0123,0.01,0.0001
2022-10-17,2.74,0.0274,0.69,0.0069,-1.41,-0.0141,0.01,0.0001
2022-10-18,1.19,0.011899999999999999,-0.1,-0.001,-0.02,-0.0002,0.01,0.0001
2022-10-19,-0.87,-0.0087,-1.33,-0.013300000000000001,1.19,0.011899999999999999,0.01,0.0001
2022-10-20,-0.8,-0.008,-0.28,-0.0028000000000000004,-0.45,-0.0045000000000000005,0.01,0.0001
2022-10-21,2.3,0.023,-0.19,-0.0019,0.09,0.0009,0.01,0.0001
2022-10-24,1.03,0.0103,-0.71,-0.0070999999999999995,0.47,0.004699999999999999,0.01,0.0001
2022-10-25,1.78,0.0178,1.35,0.013500000000000002,-1.53,-0.015300000000000001,0.01,0.0001
2022-10-26,-0.66,-0.0066,0.42,0.0042,0.89,0.0089,0.01,0.0001
2022-10-27,-0.54,-0.0054,0.33,0.0033,1.08,0.0108,0.01,0.0001
2022-10-28,2.33,0.0233,-0.03,-0.0003,-0.34,-0.0034000000000000002,0.01,0.0001
2022-10-31,-0.68,-0.0068000000000000005,0.38,0.0038,0.73,0.0073,0.01,0.0001
2022-11-01,-0.35,-0.0034999999999999996,0.16,0.0016,0.8,0.008,0.01,0.0001
2022-11-02,-2.67,-0.026699999999999998,-1.2,-0.012,1.6,0.016,0.01,0.0001
2022-11-03,-1.03,-0.0103,0.28,0.0028000000000000004,0.28,0.0028000000000000004,0.01,0.0001
2022-11-04,1.16,0.0116,-0.62,-0.0062,1.28,0.0128,0.01,0.0001
2022-11-07,0.87,0.0087,-0.5,-0.005,0.6,0.006,0.01,0.0001
2022-11-08,0.51,0.0051,-0.47,-0.004699999999999999,-0.4,-0.004,0.01,0.0001
2022-11-09,-2.24,-0.022400000000000003,-0.63,-0.0063,0.55,0.0055000000000000005,0.01,0.0001
2022-11-10,5.68,0.056799999999999996,1.61,0.0161,-3.09,-0.030899999999999997,0.01,0.0001
2022-11-11,1.06,0.0106,0.28,0.0028000000000000004,-1.05,-0.0105,0.01,0.0001
2022-11-14,-0.95,-0.0095,-0.36,-0.0036,0.35,0.0034999999999999996,0.01,0.0001
2022-11-15,1.03,0.0103,0.69,0.0069,-0.73,-0.0073,0.01,0.0001
2022-11-16,-1.02,-0.0102,-1.23,-0.0123,0.58,0.0058,0.01,0.0001
2022-11-17,-0.42,-0.0042,-0.53,-0.0053,0.56,0.005600000000000001,0.01,0.0001
2022-11-18,0.4,0.004,-0.16,-0.0016,0.11,0.0011,0.01,0.0001
2022-11-21,-0.52,-0.0052,-0.37,-0.0037,0.99,0.009899999999999999,0.01,0.0001
2022-11-22,1.36,0.013600000000000001,-0.52,-0.0052,0.44,0.0044,0.01,0.0001
2022-11-23,0.63,0.0063,0.02,0.0002,-0.93,-0.009300000000000001,0.01,0.0001
2022-11-25,-0.03,-0.0003,0.22,0.0022,0.43,0.0043,0.01,0.0001
2022-11-28,-1.55,-0.0155,-0.42,-0.0042,-0.19,-0.0019,0.01,0.0001
2022-11-29,-0.18,-0.0018,0.1,0.001,1.04,0.0104,0.01,0.0001
2022-11-30,3.12,0.031200000000000002,0.35,0.0034999999999999996,-2.08,-0.0208,0.01,0.0001
2022-12-01,-0.02,-0.0002,0.24,0.0024,-0.69,-0.0069,0.02,0.0002
2022-12-02,-0.08,-0.0008,0.91,0.0091,-0.56,-0.005600000000000001,0.02,0.0002
2022-12-05,-2.02,-0.0202,-0.6,-0.006,-0.54,-0.0054,0.02,0.0002
2022-12-06,-1.51,-0.0151,-0.25,-0.0025,1.14,0.011399999999999999,0.02,0.0002
2022-12-07,-0.24,-0.0024,-0.14,-0.0014000000000000002,-0.32,-0.0032,0.02,0.0002
2022-12-08,0.76,0.0076,0.2,0.002,-1.2,-0.012,0.02,0.0002
2022-12-09,-0.8,-0.008,-0.54,-0.0054,0.34,0.0034000000000000002,0.02,0.0002
2022-12-12,1.41,0.0141,-0.31,-0.0031,-0.16,-0.0016,0.02,0.0002
2022-12-13,0.66,0.0066,0.17,0.0017000000000000001,-0.77,-0.0077,0.02,0.0002
2022-12-14,-0.56,-0.005600000000000001,0.02,0.0002,-0.45,-0.0045000000000000005,0.02,0.0002
2022-12-15,-2.57,-0.025699999999999997,-0.38,-0.0038,1.39,0.0139,0.02,0.0002
2022-12-16,-1.02,-0.0102,0.52,0.0052,0.17,0.0017000000000000001,0.02,0.0002
2022-12-19,-1.0,-0.01,-0.78,-0.0078000000000000005,1.25,0.0125,0.02,0.0002
2022-12-20,0.13,0.0013,0.2,0.002,0.25,0.0025,0.02,0.0002
2022-12-21,1.53,0.015300000000000001,0.13,0.0013,-0.12,-0.0012,0.02,0.0002
2022-12-22,-1.52,-0.0152,0.08,0.0008,0.38,0.0038,0.02,0.0002
2022-12-23,0.52,0.0052,-0.61,-0.0060999999999999995,1.16,0.0116,0.02,0.0002
2022-12-27,-0.5,-0.005,-0.73,-0.0073,1.42,0.014199999999999999,0.02,0.0002
2022-12-28,-1.24,-0.0124,-0.24,-0.0024,-0.28,-0.0028000000000000004,0.02,0.0002
2022-12-29,1.87,0.0187,1.26,0.0126,-1.06,-0.0106,0.02,0.0002
2022-12-30,-0.22,-0.0022,0.13,0.0013,-0.04,-0.0004,0.02,0.0002
2023-01-03,-0.47,-0.004699999999999999,0.08,0.0008,-0.1,-0.001,0.02,0.0002
2023-01-04,0.81,0.008100000000000001,0.54,0.0054,0.05,0.0005,0.02,0.0002
2023-01-05,-1.14,-0.011399999999999999,-0.18,-0.0018,1.2,0.012,0.02,0.0002
2023-01-06,2.21,0.022099999999999998,-0.05,-0.0005,0.03,0.0003,0.02,0.0002
2023-01-09,0.03,0.0003,0.55,0.0055000000000000005,-1.23,-0.0123,0.02,0.0002
2023-01-10,0.79,0.0079,0.91,0.0091,-0.56,-0.005600000000000001,0.02,0.0002
2023-01-11,1.25,0.0125,0.17,0.0017000000000000001,-0.83,-0.0083,0.02,0.0002
2023-01-12,0.45,0.0045000000000000005,1.43,0.0143,-0.27,-0.0027,0.02,0.0002
2023-01-13,0.46,0.0046,0.3,0.003,-0.3,-0.003,0.02,0.0002
2023-01-17,-0.18,-0.0018,0.2,0.002,-0.55,-0.0055000000000000005,0.02,0.0002
2023-01-18,-1.55,-0.0155,0.03,0.0003,-0.71,-0.0070999999999999995,0.02,0.0002
2023-01-19,-0.86,-0.0086,-0.28,-0.0028000000000000004,0.84,0.0084,0.02,0.0002
2023-01-20,1.94,0.0194,0.14,0.0014000000000000002,-0.68,-0.0068000000000000005,0.02,0.0002
2023-01-23,1.28,0.0128,0.17,0.0017000000000000001,-0.99,-0.009899999999999999,0.02,0.0002
2023-01-24,-0.16,-0.0016,-0.22,-0.0022,0.18,0.0018,0.02,0.0002
2023-01-25,0.0,0.0,-0.05,-0.0005,0.69,0.0069,0.02,0.0002
2023-01-26,1.08,0.0108,-0.58,-0.0058,0.01,0.0001,0.02,0.0002
2023-01-27,0.34,0.0034000000000000002,0.63,0.0063,-1.13,-0.0113,0.02,0.0002
2023-01-30,-1.38,-0.0138,-0.12,-0.0012,0.74,0.0074,0.02,0.0002
2023-01-31,1.58,0.0158,1.02,0.0102,-0.06,-0.0006,0.02,0.0002
2023-02-01,1.19,0.011899999999999999,1.0,0.01,-1.65,-0.0165,0.02,0.0002
2023-02-02,1.54,0.0154,1.63,0.0163,-2.07,-0.0207,0.02,0.0002
2023-02-03,-1.08,-0.0108,0.08,0.0008,0.98,0.0098,0.02,0.0002
2023-02-06,-0.73,-0.0073,-0.82,-0.008199999999999999,0.43,0.0043,0.02,0.0002
2023-02-07,1.25,0.0125,-0.51,-0.0051,-0.04,-0.0004,0.02,0.0002
2023-02-08,-1.18,-0.0118,-0.68,-0.0068000000000000005,0.71,0.0070999999999999995,0.02,0.0002
2023-02-09,-0.94,-0.009399999999999999,-0.63,-0.0063,0.21,0.0021,0.02,0.0002
2023-02-10,0.12,0.0012,-0.69,-0.0069,1.5,0.015,0.02,0.0002
2023-02-13,1.14,0.011399999999999999,0.19,0.0019,-0.73,-0.0073,0.02,0.0002
2023-02-14,0.12,0.0012,0.16,0.0016,-0.68,-0.0068000000000000005,0.02,0.0002
2023-02-15,0.5,0.005,1.04,0.0104,-0.91,-0.0091,0.02,0.0002
2023-02-16,-1.37,-0.0137,-0.04,-0.0004,0.97,0.0097,0.02,0.0002
2023-02-17,-0.28,-0.0028000000000000004,0.68,0.0068000000000000005,-0.14,-0.0014000000000000002,0.02,0.0002
2023-02-21,-2.16,-0.0216,-1.25,-0.0125,0.88,0.0088,0.02,0.0002
2023-02-22,-0.04,-0.0004,0.52,0.0052,-0.46,-0.0046,0.02,0.0002
2023-02-23,0.47,0.004699999999999999,0.22,0.0022,-0.23,-0.0023,0.02,0.0002
2023-02-24,-1.08,-0.0108,-0.5,-0.005,1.26,0.0126,0.02,0.0002
2023-02-27,0.31,0.0031,0.16,0.0016,-0.3,-0.003,0.02,0.0002
2023-02-28,-0.26,-0.0026,0.62,0.0062,-0.69,-0.0069,0.02,0.0002
2023-03-01,-0.41,-0.0040999999999999995,0.2,0.002,0.62,0.0062,0.02,0.0002
2023-03-02,0.67,0.0067,-0.37,-0.0037,-0.44,-0.0044,0.02,0.0002
2023-03-03,1.61,0.0161,0.0,0.0,-0.54,-0.0054,0.02,0.0002
2023-03-06,-0.13,-0.0013,-1.62,-0.016200000000000003,-0.08,-0.0008,0.02,0.0002
2023-03-07,-1.45,-0.014499999999999999,0.74,0.0074,-0.67,-0.0067,0.02,0.0002
2023-03-08,0.08,0.0008,0.17,0.0017000000000000001,-0.39,-0.0039000000000000003,0.02,0.0002
2023-03-09,-2.02,-0.0202,-0.68,-0.0068000000000000005,-0.76,-0.0076,0.02,0.0002
2023-03-10,-1.68,-0.0168,-1.53,-0.015300000000000001,0.72,0.0072,0.02,0.0002
2023-03-13,-0.34,-0.0034000000000000002,-0.63,-0.0063,-3.6,-0.036000000000000004,0.02,0.0002
2023-03-14,1.72,0.0172,0.15,0.0015,-0.36,-0.0036,0.02,0.0002
2023-03-15,-0.79,-0.0079,-0.08,-0.0008,-1.84,-0.0184,0.02,0.0002
2023-03-16,1.76,0.0176,0.18,0.0018,-0.16,-0.0016,0.02,0.0002
2023-03-17,-1.21,-0.0121,-0.83,-0.0083,-1.63,-0.0163,0.02,0.0002
2023-03-20,0.84,0.0084,-0.61,-0.0060999999999999995,0.78,0.0078000000000000005,0.02,0.0002
2023-03-21,1.49,0.0149,0.45,0.0045000000000000005,0.73,0.0073,0.02,0.0002
2023-03-22,-1.74,-0.0174,-0.8,-0.008,-0.53,-0.0053,0.02,0.0002
2023-03-23,0.21,0.0021,-0.19,-0.0019,-1.54,-0.0154,0.02,0.0002
2023-03-24,0.46,0.0046,0.13,0.0013,0.71,0.0070999999999999995,0.02,0.0002
2023-03-27,0.28,0.0028000000000000004,0.22,0.0022,1.03,0.0103,0.02,0.0002
2023-03-28,-0.17,-0.0017000000000000001,-0.18,-0.0018,0.75,0.0075,0.02,0.0002
2023-03-29,1.39,0.0139,-0.3,-0.003,-0.54,-0.0054,0.02,0.0002
2023-03-30,0.51,0.0051,-0.55,-0.0055000000000000005,-0.6,-0.006,0.02,0.0002
2023-03-31,1.53,0.015300000000000001,0.67,0.0067,-0.76,-0.0076,0.02,0.0002
2023-04-03,0.28,0.0028000000000000004,-0.47,-0.004699999999999999,0.79,0.0079,0.02,0.0002
2023-04-04,-0.72,-0.0072,-0.96,-0.0096,-0.72,-0.0072,0.02,0.0002
2023-04-05,-0.39,-0.0039000000000000003,-1.39,-0.0139,1.4,0.013999999999999999,0.02,0.0002
2023-04-06,0.34,0.0034000000000000002,0.06,0.0006,-0.51,-0.0051,0.02,0.0002
2023-04-10,0.2,0.002,0.79,0.0079,0.26,0.0026,0.02,0.0002
2023-04-11,0.06,0.0006,0.46,0.0046,0.55,0.0055000000000000005,0.02,0.0002
2023-04-12,-0.51,-0.0051,-0.55,-0.0055000000000000005,0.37,0.0037,0.02,0.0002
2023-04-13,1.39,0.0139,0.35,0.0034999999999999996,-1.19,-0.011899999999999999,0.02,0.0002
2023-04-14,-0.23,-0.0023,-0.95,-0.0095,0.2,0.002,0.02,0.0002
2023-04-17,0.33,0.0033,0.8,0.008,-0.2,-0.002,0.02,0.0002
2023-04-18,0.04,0.0004,-0.44,-0.0044,-0.31,-0.0031,0.02,0.0002
2023-04-19,-0.04,-0.0004,0.29,0.0029,0.42,0.0042,0.02,0.0002
2023-04-20,-0.61,-0.0060999999999999995,0.09,0.0009,-0.28,-0.0028000000000000004,0.02,0.0002
2023-04-21,0.08,0.0008,0.26,0.0026,-0.94,-0.009399999999999999,0.02,0.0002
2023-04-24,0.0,0.0,-0.39,-0.0039000000000000003,0.46,0.0046,0.02,0.0002
2023-04-25,-1.76,-0.0176,-0.98,-0.0098,0.09,0.0009,0.02,0.0002
2023-04-26,-0.41,-0.0040999999999999995,0.14,0.0014000000000000002,-0.74,-0.0074,0.02,0.0002
2023-04-27,1.85,0.018500000000000003,-0.56,-0.005600000000000001,0.0,0.0,0.02,0.0002
2023-04-28,0.78,0.0078000000000000005,0.13,0.0013,0.19,0.0019,0.02,0.0002
2023-05-01,-0.02,-0.0002,0.29,0.0029,-0.82,-0.008199999999999999,0.02,0.0002
2023-05-02,-1.27,-0.0127,-0.56,-0.005600000000000001,-1.46,-0.0146,0.02,0.0002
2023-05-03,-0.57,-0.005699999999999999,1.07,0.010700000000000001,-1.03,-0.0103,0.02,0.0002
2023-05-04,-0.78,-0.0078000000000000005,-0.34,-0.0034000000000000002,-1.04,-0.0104,0.02,0.0002
2023-05-05,1.91,0.0191,0.42,0.0042,0.69,0.0069,0.02,0.0002
2023-05-08,0.07,0.0007000000000000001,-0.31,-0.0031,-0.3,-0.003,0.02,0.0002
2023-05-09,-0.43,-0.0043,0.12,0.0012,-0.02,-0.0002,0.02,0.0002
2023-05-10,0.43,0.0043,0.46,0.0046,-1.32,-0.0132,0.02,0.0002
2023-05-11,-0.2,-0.002,-0.49,-0.0049,-0.09,-0.0009,0.02,0.0002
2023-05-12,-0.22,-0.0022,-0.19,-0.0019,0.34,0.0034000000000000002,0.02,0.0002
2023-05-15,0.46,0.0046,0.84,0.0084,0.01,0.0001,0.02,0.0002
2023-05-16,-0.72,-0.0072,-0.33,-0.0033,-0.48,-0.0048,0.02,0.0002
2023-05-17,1.31,0.0131,0.89,0.0089,1.22,0.012199999999999999,0.02,0.0002
2023-05-18,0.99,0.009899999999999999,-0.07,-0.0007000000000000001,-0.38,-0.0038,0.02,0.0002
2023-05-19,-0.26,-0.0026,-0.45,-0.0045000000000000005,-0.32,-0.0032,0.02,0.0002
2023-05-22,0.17,0.0017000000000000001,1.27,0.0127,-0.2,-0.002,0.02,0.0002
2023-05-23,-1.1,-0.011000000000000001,0.39,0.0039000000000000003,1.09,0.0109,0.02,0.0002
2023-05-24,-0.72,-0.0072,-0.31,-0.0031,-0.2,-0.002,0.02,0.0002
2023-05-25,0.65,0.006500000000000001,-0.71,-0.0070999999999999995,-1.08,-0.0108,0.02,0.0002
2023-05-26,1.32,0.0132,0.03,0.0003,-0.85,-0.0085,0.02,0.0002
2023-05-30,-0.01,-0.0001,-0.15,-0.0015,-0.42,-0.0042,0.02,0.0002
2023-05-31,-0.6,-0.006,-0.11,-0.0011,-1.16,-0.0116,0.02,0.0002
2023-06-01,1.02,0.0102,0.15,0.0015,-0.06,-0.0006,0.02,0.0002
2023-06-02,1.62,0.016200000000000003,1.56,0.015600000000000001,1.66,0.0166,0.02,0.0002
2023-06-05,-0.26,-0.0026,-1.01,-0.0101,-0.75,-0.0075,0.02,0.0002
2023-06-06,0.46,0.0046,2.13,0.0213,1.35,0.013500000000000002,0.02,0.0002
2023-06-07,-0.36,-0.0036,1.36,0.013600000000000001,2.28,0.022799999999999997,0.02,0.0002
2023-06-08,0.59,0.0059,-0.49,-0.0049,-1.16,-0.0116,0.02,0.0002
2023-06-09,0.03,0.0003,-0.71,-0.0070999999999999995,-0.41,-0.0040999999999999995,0.02,0.0002
2023-06-12,0.94,0.009399999999999999,0.04,0.0004,-1.41,-0.0141,0.02,0.0002
2023-06-13,0.74,0.0074,0.59,0.0059,0.06,0.0006,0.02,0.0002
2023-06-14,-0.03,-0.0003,-0.9,-0.009000000000000001,-0.92,-0.0092,0.02,0.0002
2023-06-15,1.22,0.012199999999999999,-0.37,-0.0037,0.09,0.0009,0.02,0.0002
2023-06-16,-0.45,-0.0045000000000000005,-0.55,-0.0055000000000000005,0.22,0.0022,0.02,0.0002
2023-06-20,-0.48,-0.0048,0.43,0.0043,-0.69,-0.0069,0.02,0.0002
2023-06-21,-0.56,-0.005600000000000001,0.02,0.0002,0.53,0.0053,0.02,0.0002
2023-06-22,0.32,0.0032,-0.67,-0.0067,-1.26,-0.0126,0.02,0.0002
2023-06-23,-0.84,-0.0084,-0.63,-0.0063,0.07,0.0007000000000000001,0.02,0.0002
2023-06-26,-0.48,-0.0048,-0.34,-0.0034000000000000002,1.29,0.0129,0.02,0.0002
2023-06-27,1.21,0.0121,0.48,0.0048,-0.51,-0.0051,0.02,0.0002
2023-06-28,0.03,0.0003,0.55,0.0055000000000000005,-0.43,-0.0043,0.02,0.0002
2023-06-29,0.44,0.0044,0.53,0.0053,0.78,0.0078000000000000005,0.02,0.0002
2023-06-30,1.14,0.011399999999999999,-0.64,-0.0064,-0.78,-0.0078000000000000005,0.02,0.0002
2023-07-03,0.15,0.0015,0.01,0.0001,1.06,0.0106,0.02,0.0002
2023-07-05,-0.29,-0.0029,-0.95,-0.0095,-0.26,-0.0026,0.02,0.0002
2023-07-06,-0.94,-0.009399999999999999,-0.51,-0.0051,-0.69,-0.0069,0.02,0.0002
2023-07-07,-0.13,-0.0013,1.06,0.0106,1.21,0.0121,0.02,0.0002
2023-07-10,0.36,0.0036,1.28,0.0128,-0.01,-0.0001,0.02,0.0002
2023-07-11,0.76,0.0076,0.03,0.0003,0.48,0.0048,0.02,0.0002
2023-07-12,0.74,0.0074,0.31,0.0031,0.46,0.0046,0.02,0.0002
2023-07-13,0.9,0.009000000000000001,0.05,0.0005,-0.1,-0.001,0.02,0.0002
2023-07-14,-0.25,-0.0025,-0.3,-0.003,-1.52,-0.0152,0.02,0.0002
2023-07-17,0.48,0.0048,0.76,0.0076,-0.27,-0.0027,0.02,0.0002
2023-07-18,0.78,0.0078000000000000005,0.21,0.0021,1.08,0.0108,0.02,0.0002
2023-07-19,0.25,0.0025,-0.07,-0.0007000000000000001,1.32,0.0132,0.02,0.0002
2023-07-20,-0.81,-0.008100000000000001,-0.58,-0.0058,0.65,0.006500000000000001,0.02,0.0002
2023-07-21,-0.05,-0.0005,-0.33,-0.0033,-0.36,-0.0036,0.02,0.0002
2023-07-24,0.31,0.0031,-0.28,-0.0028000000000000004,0.76,0.0076,0.02,0.0002
2023-07-25,0.25,0.0025,-0.05,-0.0005,-0.78,-0.0078000000000000005,0.02,0.0002
2023-07-26,0.01,0.0001,0.68,0.0068000000000000005,1.02,0.0102,0.02,0.0002
2023-07-27,-0.74,-0.0074,-0.92,-0.0092,0.28,0.0028000000000000004,0.02,0.0002
2023-07-28,1.13,0.0113,0.55,0.0055000000000000005,-0.34,-0.0034000000000000002,0.02,0.0002
2023-07-31,0.25,0.0025,1.08,0.0108,-0.09,-0.0009,0.02,0.0002
2023-08-01,-0.34,-0.0034000000000000002,-0.17,-0.0017000000000000001,0.31,0.0031,0.02,0.0002
2023-08-02,-1.49,-0.0149,-0.18,-0.0018,0.57,0.005699999999999999,0.02,0.0002
2023-08-03,-0.19,-0.0019,-0.04,-0.0004,0.08,0.0008,0.02,0.0002
2023-08-04,-0.48,-0.0048,0.03,0.0003,0.76,0.0076,0.02,0.0002
2023-08-07,0.77,0.0077,-1.15,-0.0115,0.6,0.006,0.02,0.0002
2023-08-08,-0.47,-0.004699999999999999,0.05,0.0005,0.14,0.0014000000000000002,0.02,0.0002
2023-08-09,-0.78,-0.0078000000000000005,-0.07,-0.0007000000000000001,-0.04,-0.0004,0.02,0.0002
2023-08-10,0.01,0.0001,-0.32,-0.0032,-0.67,-0.0067,0.02,0.0002
2023-08-11,-0.11,-0.0011,0.12,0.0012,0.45,0.0045000000000000005,0.02,0.0002
2023-08-14,0.51,0.0051,-0.66,-0.0066,-0.77,-0.0077,0.02,0.0002
2023-08-15,-1.18,-0.0118,0.24,0.0024,-1.03,-0.0103,0.02,0.0002
2023-08-16,-0.81,-0.008100000000000001,-0.4,-0.004,-0.14,-0.0014000000000000002,0.02,0.0002
2023-08-17,-0.87,-0.0087,-0.32,-0.0032,0.49,0.0049,0.02,0.0002
2023-08-18,0.04,0.0004,0.4,0.004,-0.22,-0.0022,0.02,0.0002
2023-08-21,0.64,0.0064,-0.68,-0.0068000000000000005,-0.59,-0.0059,0.02,0.0002
2023-08-22,-0.32,-0.0032,0.23,0.0023,-1.04,-0.0104,0.02,0.0002
2023-08-23,1.08,0.0108,-0.09,-0.0009,-0.12,-0.0012,0.02,0.0002
2023-08-24,-1.42,-0.014199999999999999,-0.19,-0.0019,0.62,0.0062,0.02,0.0002
2023-08-25,0.65,0.006500000000000001,-0.07,-0.0007000000000000001,-0.57,-0.005699999999999999,0.02,0.0002
2023-08-28,0.63,0.0063,-0.02,-0.0002,0.41,0.0040999999999999995,0.02,0.0002
2023-08-29,1.5,0.015,0.01,0.0001,-0.12,-0.0012,0.02,0.0002
2023-08-30,0.41,0.0040999999999999995,0.24,0.0024,-0.46,-0.0046,0.02,0.0002
2023-08-31,-0.08,-0.0008,-0.22,-0.0022,0.22,0.0022,0.02,0.0002
2023-09-01,0.26,0.0026,0.67,0.0067,0.58,0.0058,0.02,0.0002
2023-09-05,-0.54,-0.0054,-1.35,-0.013500000000000002,-0.87,-0.0087,0.02,0.0002
2023-09-06,-0.71,-0.0070999999999999995,-0.01,-0.0001,-0.18,-0.0018,0.02,0.0002
2023-09-07,-0.4,-0.004,-0.63,-0.0063,0.02,0.0002,0.02,0.0002
2023-09-08,0.12,0.0012,-0.62,-0.0062,0.4,0.004,0.02,0.0002
2023-09-11,0.66,0.0066,-0.26,-0.0026,-0.52,-0.0052,0.02,0.0002
2023-09-12,-0.59,-0.0059,-0.25,-0.0025,1.01,0.0101,0.02,0.0002
2023-09-13,0.03,0.0003,-0.79,-0.0079,-0.19,-0.0019,0.02,0.0002
2023-09-14,0.83,0.0083,0.23,0.0023,0.86,0.0086,0.02,0.0002
2023-09-15,-1.21,-0.0121,0.15,0.0015,0.25,0.0025,0.02,0.0002
2023-09-18,-0.04,-0.0004,-0.82,-0.008199999999999999,-0.18,-0.0018,0.02,0.0002
2023-09-19,-0.26,-0.0026,-0.12,-0.0012,0.0,0.0,0.02,0.0002
2023-09-20,-0.95,-0.0095,-0.1,-0.001,0.26,0.0026,0.02,0.0002
2023-09-21,-1.68,-0.0168,0.19,0.0019,0.38,0.0038,0.02,0.0002
2023-09-22,-0.25,-0.0025,0.02,0.0002,-0.5,-0.005,0.02,0.0002
2023-09-25,0.39,0.0039000000000000003,-0.1,-0.001,0.32,0.0032,0.02,0.0002
2023-09-26,-1.46,-0.0146,0.4,0.004,-0.5,-0.005,0.02,0.0002
2023-09-27,0.13,0.0013,0.69,0.0069,0.1,0.001,0.02,0.0002
2023-09-28,0.65,0.006500000000000001,0.16,0.0016,0.03,0.0003,0.02,0.0002
2023-09-29,-0.27,-0.0027,-0.04,-0.0004,0.32,0.0032,0.02,0.0002
2023-10-02,-0.14,-0.0014000000000000002,-0.93,-0.009300000000000001,-1.05,-0.0105,0.02,0.0002
2023-10-03,-1.49,-0.0149,-0.33,-0.0033,-0.14,-0.0014000000000000002,0.02,0.0002
2023-10-04,0.77,0.0077,-0.27,-0.0027,-0.37,-0.0037,0.02,0.0002
2023-10-05,-0.15,-0.0015,0.31,0.0031,0.1,0.001,0.02,0.0002
2023-10-06,1.21,0.0121,-0.3,-0.003,-0.56,-0.005600000000000001,0.02,0.0002
2023-10-09,0.59,0.0059,-0.31,-0.0031,0.25,0.0025,0.02,0.0002
2023-10-10,0.6,0.006,0.16,0.0016,0.63,0.0063,0.02,0.0002
2023-10-11,0.33,0.0033,-0.66,-0.0066,0.38,0.0038,0.02,0.0002
2023-10-12,-0.81,-0.008100000000000001,-1.47,-0.0147,0.11,0.0011,0.02,0.0002
2023-10-13,-0.59,-0.0059,-0.47,-0.004699999999999999,0.06,0.0006,0.02,0.0002
2023-10-16,1.13,0.0113,0.61,0.0060999999999999995,-0.1,-0.001,0.02,0.0002
2023-10-17,0.09,0.0009,0.87,0.0087,0.7,0.006999999999999999,0.02,0.0002
2023-10-18,-1.46,-0.0146,-0.63,-0.0063,-0.18,-0.0018,0.02,0.0002
2023-10-19,-0.92,-0.0092,-0.5,-0.005,-0.22,-0.0022,0.02,0.0002
2023-10-20,-1.32,-0.0132,0.06,0.0006,-0.15,-0.0015,0.02,0.0002
2023-10-23,-0.23,-0.0023,-0.26,-0.0026,-0.78,-0.0078000000000000005,0.02,0.0002
2023-10-24,0.74,0.0074,0.25,0.0025,-0.58,-0.0058,0.02,0.0002
2023-10-25,-1.57,-0.015700000000000002,-0.31,-0.0031,0.85,0.0085,0.02,0.0002
2023-10-26,-1.14,-0.011399999999999999,0.85,0.0085,1.68,0.0168,0.02,0.0002
2023-10-27,-0.52,-0.0052,-0.35,-0.0034999999999999996,-0.59,-0.0059,0.02,0.0002
2023-10-30,1.15,0.0115,-0.38,-0.0038,0.29,0.0029,0.02,0.0002
2023-10-31,0.63,0.0063,0.05,0.0005,-0.06,-0.0006,0.02,0.0002
2023-11-01,0.93,0.009300000000000001,-0.64,-0.0064,-0.02,-0.0002,0.02,0.0002
2023-11-02,1.94,0.0194,0.48,0.0048,1.63,0.0163,0.02,0.0002
2023-11-03,1.1,0.011000000000000001,1.61,0.0161,0.61,0.0060999999999999995,0.02,0.0002
2023-11-06,0.01,0.0001,-1.07,-0.010700000000000001,-0.64,-0.0064,0.02,0.0002
2023-11-07,0.35,0.0034999999999999996,-0.02,-0.0002,-1.22,-0.012199999999999999,0.02,0.0002
2023-11-08,-0.03,-0.0003,-0.82,-0.008199999999999999,-0.46,-0.0046,0.02,0.0002
2023-11-09,-0.89,-0.0089,-1.08,-0.0108,0.49,0.0049,0.02,0.0002
2023-11-10,1.49,0.0149,-0.57,-0.005699999999999999,-0.44,-0.0044,0.02,0.0002
2023-11-13,-0.05,-0.0005,0.15,0.0015,-0.26,-0.0026,0.02,0.0002
2023-11-14,2.18,0.0218,2.99,0.029900000000000003,1.19,0.011899999999999999,0.02,0.0002
2023-11-15,0.18,0.0018,-0.05,-0.0005,0.5,0.005,0.02,0.0002
2023-11-16,-0.11,-0.0011,-1.4,-0.013999999999999999,-0.3,-0.003,0.02,0.0002
2023-11-17,0.25,0.0025,0.99,0.009899999999999999,0.63,0.0063,0.02,0.0002
2023-11-20,0.73,0.0073,0.0,0.0,-0.29,-0.0029,0.02,0.0002
2023-11-21,-0.32,-0.0032,-0.8,-0.008,-0.61,-0.0060999999999999995,0.02,0.0002
2023-11-22,0.47,0.004699999999999999,0.21,0.0021,-0.04,-0.0004,0.02,0.0002
2023-11-24,0.11,0.0011,0.59,0.0059,0.18,0.0018,0.02,0.0002
2023-11-27,-0.23,-0.0023,-0.11,-0.0011,-0.09,-0.0009,0.02,0.0002
2023-11-28,0.05,0.0005,-0.29,-0.0029,0.04,0.0004,0.02,0.0002
2023-11-29,0.01,0.0001,0.44,0.0044,0.69,0.0069,0.02,0.0002
2023-11-30,0.35,0.0034999999999999996,-0.46,-0.0046,0.01,0.0001,0.02,0.0002
2023-12-01,0.81,0.008100000000000001,2.06,0.0206,1.07,0.010700000000000001,0.02,0.0002
2023-12-04,-0.44,-0.0044,1.4,0.013999999999999999,0.51,0.0051,0.02,0.0002
2023-12-05,-0.21,-0.0021,-0.83,-0.0083,-0.83,-0.0083,0.02,0.0002
2023-12-06,-0.4,-0.004,0.3,0.003,0.32,0.0032,0.02,0.0002
2023-12-07,0.81,0.008100000000000001,0.06,0.0006,0.47,0.004699999999999999,0.02,0.0002
2023-12-08,0.44,0.0044,0.01,0.0001,0.52,0.0052,0.02,0.0002
2023-12-11,0.36,0.0036,-0.39,-0.0039000000000000003,-0.12,-0.0012,0.02,0.0002
2023-12-12,0.34,0.0034000000000000002,-0.43,-0.0043,-0.88,-0.0088,0.02,0.0002
2023-12-13,1.54,0.0154,1.72,0.0172,1.35,0.013500000000000002,0.02,0.0002
2023-12-14,0.5,0.005,1.11,0.0111,2.03,0.0203,0.02,0.0002
2023-12-15,-0.06,-0.0006,-0.4,-0.004,-0.57,-0.005699999999999999,0.02,0.0002
2023-12-18,0.42,0.0042,-0.4,-0.004,-0.36,-0.0036,0.02,0.0002
2023-12-19,0.72,0.0072,1.36,0.013600000000000001,0.69,0.0069,0.02,0.0002
2023-12-20,-1.55,-0.0155,-0.37,-0.0037,0.13,0.0013,0.02,0.0002
2023-12-21,1.09,0.0109,0.74,0.0074,-0.04,-0.0004,0.02,0.0002
2023-12-22,0.2,0.002,0.64,0.0064,0.1,0.001,0.02,0.0002
2023-12-26,0.48,0.0048,0.7,0.006999999999999999,0.44,0.0044,0.02,0.0002
2023-12-27,0.16,0.0016,0.13,0.0013,0.11,0.0011,0.02,0.0002
2023-12-28,-0.01,-0.0001,-0.36,-0.0036,0.04,0.0004,0.02,0.0002
2023-12-29,-0.43,-0.0043,-1.12,-0.011200000000000002,-0.37,-0.0037,0.02,0.0002
2024-01-02,-0.7,-0.006999999999999999,-0.55,-0.0055000000000000005,0.78,0.0078000000000000005,0.02,0.0002
2024-01-03,-1.01,-0.0101,-1.94,-0.0194,-0.11,-0.0011,0.02,0.0002
2024-01-04,-0.33,-0.0033,0.21,0.0021,0.09,0.0009,0.02,0.0002
2024-01-05,0.15,0.0015,-0.81,-0.008100000000000001,0.63,0.0063,0.02,0.0002
2024-01-08,1.49,0.0149,0.9,0.009000000000000001,-1.27,-0.0127,0.02,0.0002
2024-01-09,-0.21,-0.0021,-0.44,-0.0044,-0.89,-0.0089,0.02,0.0002
2024-01-10,0.51,0.0051,-0.1,-0.001,-0.44,-0.0044,0.02,0.0002
2024-01-11,-0.14,-0.0014000000000000002,-0.45,-0.0045000000000000005,-0.52,-0.0052,0.02,0.0002
2024-01-12,-0.01,-0.0001,-0.1,-0.001,-0.49,-0.0049,0.02,0.0002
2024-01-16,-0.47,-0.004699999999999999,-0.76,-0.0076,-0.61,-0.0060999999999999995,0.02,0.0002
2024-01-17,-0.59,-0.0059,-0.08,-0.0008,-0.25,-0.0025,0.02,0.0002
2024-01-18,0.87,0.0087,-0.1,-0.001,-0.35,-0.0034999999999999996,0.02,0.0002
2024-01-19,1.19,0.011899999999999999,-0.47,-0.004699999999999999,0.67,0.0067,0.02,0.0002
2024-01-22,0.38,0.0038,1.74,0.0174,0.58,0.0058,0.02,0.0002
2024-01-23,0.22,0.0022,-0.65,-0.006500000000000001,-0.55,-0.0055000000000000005,0.02,0.0002
2024-01-24,-0.01,-0.0001,-0.74,-0.0074,0.05,0.0005,0.02,0.0002
2024-01-25,0.46,0.0046,0.05,0.0005,0.57,0.005699999999999999,0.02,0.0002
2024-01-26,-0.02,-0.0002,0.41,0.0040999999999999995,-0.27,-0.0027,0.02,0.0002
2024-01-29,0.85,0.0085,1.07,0.010700000000000001,-0.59,-0.0059,0.02,0.0002
2024-01-30,-0.12,-0.0012,-1.27,-0.0127,0.85,0.0085,0.02,0.0002
2024-01-31,-1.74,-0.0174,-0.92,-0.0092,-0.29,-0.0029,0.02,0.0002
2024-02-01,1.22,0.012199999999999999,0.63,0.0063,-1.35,-0.013500000000000002,0.02,0.0002
2024-02-02,0.99,0.009899999999999999,-1.43,-0.0143,-0.51,-0.0051,0.02,0.0002
2024-02-05,-0.42,-0.0042,-0.73,-0.0073,-0.66,-0.0066,0.02,0.0002
2024-02-06,0.27,0.0027,0.85,0.0085,-0.47,-0.004699999999999999,0.02,0.0002
2024-02-07,0.77,0.0077,-0.9,-0.009000000000000001,-0.61,-0.0060999999999999995,0.02,0.0002
2024-02-08,0.21,0.0021,1.49,0.0149,0.01,0.0001,0.02,0.0002
2024-02-09,0.65,0.006500000000000001,1.0,0.01,-0.42,-0.0042,0.02,0.0002
2024-02-12,0.04,0.0004,1.29,0.0129,1.11,0.0111,0.02,0.0002
2024-02-13,-1.6,-0.016,-2.41,-0.0241,-0.65,-0.006500000000000001,0.02,0.0002
2024-02-14,1.14,0.011399999999999999,1.57,0.015700000000000002,-0.22,-0.0022,0.02,0.0002
2024-02-15,0.67,0.0067,0.85,0.0085,1.04,0.0104,0.02,0.0002
2024-02-16,-0.53,-0.0053,-0.66,-0.0066,-0.17,-0.0017000000000000001,0.02,0.0002
2024-02-20,-0.73,-0.0073,-0.87,-0.0087,0.33,0.0033,0.02,0.0002
2024-02-21,-0.02,-0.0002,-0.82,-0.008199999999999999,0.14,0.0014000000000000002,0.02,0.0002
2024-02-22,2.02,0.0202,-1.2,-0.012,-1.29,-0.0129,0.02,0.0002
2024-02-23,0.02,0.0002,0.28,0.0028000000000000004,0.0,0.0,0.02,0.0002
2024-02-26,-0.26,-0.0026,1.0,0.01,-0.12,-0.0012,0.02,0.0002
2024-02-27,0.26,0.0026,1.2,0.012,-0.44,-0.0044,0.02,0.0002
2024-02-28,-0.26,-0.0026,-0.86,-0.0086,-0.01,-0.0001,0.02,0.0002
2024-02-29,0.53,0.0053,-0.35,-0.0034999999999999996,0.98,0.0098,0.02,0.0002
2024-03-01,0.76,0.0076,0.09,0.0009,-0.55,-0.0055000000000000005,0.02,0.0002
2024-03-04,-0.18,-0.0018,-0.79,-0.0079,0.34,0.0034000000000000002,0.02,0.0002
2024-03-05,-1.07,-0.010700000000000001,-0.32,-0.0032,1.17,0.011699999999999999,0.02,0.0002
2024-03-06,0.53,0.0053,-0.16,-0.0016,-0.03,-0.0003,0.02,0.0002
2024-03-07,1.02,0.0102,-0.47,-0.004699999999999999,0.03,0.0003,0.02,0.0002
2024-03-08,-0.66,-0.0066,0.5,0.005,0.57,0.005699999999999999,0.02,0.0002
2024-03-11,-0.2,-0.002,-0.71,-0.0070999999999999995,0.4,0.004,0.02,0.0002
2024-03-12,1.04,0.0104,-0.97,-0.0097,-0.69,-0.0069,0.02,0.0002
2024-03-13,-0.14,-0.0014000000000000002,0.3,0.003,-0.02,-0.0002,0.02,0.0002
2024-03-14,-0.42,-0.0042,-1.31,-0.0131,-1.04,-0.0104,0.02,0.0002
2024-03-15,-0.58,-0.0058,0.75,0.0075,0.79,0.0079,0.02,0.0002
2024-03-18,0.53,0.0053,-1.02,-0.0102,-0.25,-0.0025,0.02,0.0002
2024-03-19,0.54,0.0054,0.53,0.0053,-0.27,-0.0027,0.02,0.0002
2024-03-20,1.02,0.0102,0.9,0.009000000000000001,1.01,0.0101,0.02,0.0002
2024-03-21,0.42,0.0042,0.05,0.0005,0.95,0.0095,0.02,0.0002
2024-03-22,-0.23,-0.0023,-0.86,-0.0086,-0.53,-0.0053,0.02,0.0002
2024-03-25,-0.27,-0.0027,-0.24,-0.0024,0.86,0.0086,0.02,0.0002
2024-03-26,-0.26,-0.0026,0.09,0.0009,-0.13,-0.0013,0.02,0.0002
2024-03-27,0.88,0.0088,1.04,0.0104,0.91,0.0091,0.02,0.0002
2024-03-28,0.11,0.0011,0.29,0.0029,0.48,0.0048,0.02,0.0002
2024-04-01,-0.26,-0.0026,-0.89,-0.0089,-0.28,-0.0028000000000000004,0.02,0.0002
2024-04-02,-0.85,-0.0085,-1.1,-0.011000000000000001,0.03,0.0003,0.02,0.0002
2024-04-03,0.17,0.0017000000000000001,0.31,0.0031,-0.03,-0.0003,0.02,0.0002
2024-04-04,-1.22,-0.012199999999999999,0.16,0.0016,0.15,0.0015,0.02,0.0002
2024-04-05,1.06,0.0106,-0.32,-0.0032,-0.68,-0.0068000000000000005,0.02,0.0002
2024-04-08,0.01,0.0001,0.52,0.0052,0.14,0.0014000000000000002,0.02,0.0002
2024-04-09,0.13,0.0013,0.37,0.0037,-0.32,-0.0032,0.02,0.0002
2024-04-10,-1.0,-0.01,-1.37,-0.0137,-1.04,-0.0104,0.02,0.0002
2024-04-11,0.73,0.0073,0.24,0.0024,-0.62,-0.0062,0.02,0.0002
2024-04-12,-1.53,-0.015300000000000001,-0.33,-0.0033,0.11,0.0011,0.02,0.0002
2024-04-15,-1.29,-0.0129,-0.48,-0.0048,0.75,0.0075,0.02,0.0002
2024-04-16,-0.23,-0.0023,-0.03,-0.0003,-0.82,-0.008199999999999999,0.02,0.0002
2024-04-17,-0.64,-0.0064,-0.49,-0.0049,0.56,0.005600000000000001,0.02,0.0002
2024-04-18,-0.27,-0.0027,-0.28,-0.0028000000000000004,0.87,0.0087,0.02,0.0002
2024-04-19,-0.82,-0.008199999999999999,0.82,0.008199999999999999,1.9,0.019,0.02,0.0002
2024-04-22,0.87,0.0087,-0.21,-0.0021,0.54,0.0054,0.02,0.0002
2024-04-23,1.27,0.0127,0.59,0.0059,0.0,0.0,0.02,0.0002
2024-04-24,-0.01,-0.0001,-0.31,-0.0031,0.27,0.0027,0.02,0.0002
2024-04-25,-0.47,-0.004699999999999999,-0.31,-0.0031,-0.2,-0.002,0.02,0.0002
2024-04-26,1.03,0.0103,0.46,0.0046,-1.07,-0.010700000000000001,0.02,0.0002
2024-04-29,0.33,0.0033,0.38,0.0038,-0.48,-0.0048,0.02,0.0002
2024-04-30,-1.67,-0.0167,-0.19,-0.0019,-0.25,-0.0025,0.02,0.0002
2024-05-01,-0.27,-0.0027,1.07,0.010700000000000001,0.03,0.0003,0.02,0.0002
2024-05-02,1.01,0.0101,0.72,0.0072,-0.03,-0.0003,0.02,0.0002
2024-05-03,1.18,0.0118,0.02,0.0002,-0.19,-0.0019,0.02,0.0002
2024-05-06,1.08,0.0108,0.03,0.0003,-0.06,-0.0006,0.02,0.0002
2024-05-07,0.05,0.0005,0.07,0.0007000000000000001,-0.6,-0.006,0.02,0.0002
2024-05-08,-0.09,-0.0009,-0.54,-0.0054,0.58,0.0058,0.02,0.0002
2024-05-09,0.52,0.0052,0.42,0.0042,0.37,0.0037,0.02,0.0002
2024-05-10,0.09,0.0009,-0.92,-0.0092,0.01,0.0001,0.02,0.0002
2024-05-13,-0.04,-0.0004,0.24,0.0024,-0.26,-0.0026,0.02,0.0002
2024-05-14,0.56,0.005600000000000001,0.51,0.0051,0.02,0.0002,0.02,0.0002
2024-05-15,1.15,0.0115,-0.35,-0.0034999999999999996,-0.22,-0.0022,0.02,0.0002
2024-05-16,-0.25,-0.0025,-0.15,-0.0015,-0.01,-0.0001,0.02,0.0002
2024-05-17,0.11,0.0011,-0.24,-0.0024,0.4,0.004,0.02,0.0002
2024-05-20,0.14,0.0014000000000000002,0.27,0.0027,-0.88,-0.0088,0.02,0.0002
2024-05-21,0.16,0.0016,-0.45,-0.0045000000000000005,0.18,0.0018,0.02,0.0002
2024-05-22,-0.35,-0.0034999999999999996,-0.28,-0.0028000000000000004,-0.37,-0.0037,0.02,0.0002
2024-05-23,-0.84,-0.0084,-0.59,-0.0059,-0.64,-0.0064,0.02,0.0002
2024-05-24,0.71,0.0070999999999999995,0.04,0.0004,0.15,0.0015,0.02,0.0002
2024-05-28,-0.04,-0.0004,0.29,0.0029,-0.88,-0.0088,0.02,0.0002
2024-05-29,-0.77,-0.0077,-0.28,-0.0028000000000000004,-0.62,-0.0062,0.02,0.0002
2024-05-30,-0.53,-0.0053,1.03,0.0103,1.0,0.01,0.02,0.0002
2024-05-31,0.68,0.0068000000000000005,-0.36,-0.0036,0.78,0.0078000000000000005,0.02,0.0002
2024-06-03,0.05,0.0005,-0.2,-0.002,-0.57,-0.005699999999999999,0.02,0.0002
2024-06-04,-0.06,-0.0006,-0.99,-0.009899999999999999,-0.76,-0.0076,0.02,0.0002
2024-06-05,1.23,0.0123,0.47,0.004699999999999999,-0.61,-0.0060999999999999995,0.02,0.0002
2024-06-06,-0.06,-0.0006,-0.44,-0.0044,-0.07,-0.0007000000000000001,0.02,0.0002
2024-06-07,-0.23,-0.0023,-0.99,-0.009899999999999999,0.07,0.0007000000000000001,0.02,0.0002
2024-06-10,0.27,0.0027,-0.12,-0.0012,-0.28,-0.0028000000000000004,0.02,0.0002
2024-06-11,0.2,0.002,0.13,0.0013,-1.06,-0.0106,0.02,0.0002
2024-06-12,0.94,0.009399999999999999,0.84,0.0084,0.09,0.0009,0.02,0.0002
2024-06-13,0.05,0.0005,-0.85,-0.0085,-0.63,-0.0063,0.02,0.0002
2024-06-14,-0.16,-0.0016,-1.29,-0.0129,-0.64,-0.0064,0.02,0.0002
2024-06-17,0.78,0.0078000000000000005,-0.41,-0.0040999999999999995,0.52,0.0052,0.02,0.0002
2024-06-18,0.2,0.002,-0.54,-0.0054,0.37,0.0037,0.02,0.0002
2024-06-20,-0.3,-0.003,-0.37,-0.0037,0.25,0.0025,0.02,0.0002
2024-06-21,-0.13,-0.0013,0.58,0.0058,-0.51,-0.0051,0.02,0.0002
2024-06-24,-0.26,-0.0026,0.25,0.0025,1.09,0.0109,0.02,0.0002
2024-06-25,0.31,0.0031,-0.55,-0.0055000000000000005,-1.21,-0.0121,0.02,0.0002
2024-06-26,0.16,0.0016,0.1,0.001,-0.21,-0.0021,0.02,0.0002
2024-06-27,0.14,0.0014000000000000002,0.72,0.0072,-0.39,-0.0039000000000000003,0.02,0.0002
2024-06-28,-0.35,-0.0034999999999999996,0.72,0.0072,1.27,0.0127,0.02,0.0002
2024-07-01,0.23,0.0023,-0.99,-0.009899999999999999,-0.47,-0.004699999999999999,0.02,0.0002
2024-07-02,0.57,0.005699999999999999,-0.54,-0.0054,0.4,0.004,0.02,0.0002
2024-07-03,0.48,0.0048,-0.04,-0.0004,-0.69,-0.0069,0.02,0.0002
2024-07-05,0.48,0.0048,-0.47,-0.004699999999999999,-1.43,-0.0143,0.02,0.0002
2024-07-08,0.1,0.001,0.62,0.0062,-0.19,-0.0019,0.02,0.0002
2024-07-09,0.0,0.0,-0.6,-0.006,0.51,0.0051,0.02,0.0002
2024-07-10,0.97,0.0097,-0.06,-0.0006,0.4,0.004,0.02,0.0002
2024-07-11,-0.6,-0.006,3.6,0.036000000000000004,1.76,0.0176,0.02,0.0002
2024-07-12,0.58,0.0058,0.72,0.0072,-0.46,-0.0046,0.02,0.0002
2024-07-15,0.38,0.0038,0.98,0.0098,0.6,0.006,0.02,0.0002
2024-07-16,0.82,0.008199999999999999,2.35,0.0235,1.34,0.0134,0.02,0.0002
2024-07-17,-1.49,-0.0149,-0.32,-0.0032,2.44,0.024399999999999998,0.02,0.0002
2024-07-18,-0.95,-0.0095,-1.09,-0.0109,0.02,0.0002,0.02,0.0002
2024-07-19,-0.68,-0.0068000000000000005,0.16,0.0016,-0.13,-0.0013,0.02,0.0002
2024-07-22,1.08,0.0108,0.88,0.0088,-0.56,-0.005600000000000001,0.02,0.0002
2024-07-23,-0.07,-0.0007000000000000001,1.29,0.0129,0.0,0.0,0.02,0.0002
2024-07-24,-2.4,-0.024,-0.66,-0.0066,1.71,0.0171,0.02,0.0002
2024-07-25,-0.3,-0.003,1.48,0.0148,0.67,0.0067,0.02,0.0002
2024-07-26,1.1,0.011000000000000001,0.53,0.0053,-0.17,-0.0017000000000000001,0.02,0.0002
2024-07-29,-0.02,-0.0002,-1.0,-0.01,-0.48,-0.0048,0.02,0.0002
2024-07-30,-0.49,-0.0049,0.09,0.0009,1.34,0.0134,0.02,0.0002
2024-07-31,1.52,0.0152,-0.34,-0.0034000000000000002,-1.33,-0.013300000000000001,0.02,0.0002
2024-08-01,-1.61,-0.0161,-1.31,-0.0131,-0.66,-0.0066,0.02,0.0002
2024-08-02,-2.11,-0.021099999999999997,-1.01,-0.0101,-0.77,-0.0077,0.02,0.0002
2024-08-05,-3.02,-0.0302,-0.45,-0.0045000000000000005,-0.01,-0.0001,0.02,0.0002
2024-08-06,1.0,0.01,0.02,0.0002,-0.56,-0.005600000000000001,0.02,0.0002
2024-08-07,-0.83,-0.0083,-0.77,-0.0077,0.7,0.006999999999999999,0.02,0.0002
2024-08-08,2.38,0.023799999999999998,0.43,0.0043,-0.81,-0.008100000000000001,0.02,0.0002
2024-08-09,0.43,0.0043,-0.77,-0.0077,-0.34,-0.0034000000000000002,0.02,0.0002
2024-08-12,-0.08,-0.0008,-0.66,-0.0066,-0.58,-0.0058,0.02,0.0002
2024-08-13,1.69,0.0169,0.57,0.005699999999999999,-0.75,-0.0075,0.02,0.0002
2024-08-14,0.3,0.003,-1.13,-0.0113,0.25,0.0025,0.02,0.0002
2024-08-15,1.77,0.0177,1.27,0.0127,-0.75,-0.0075,0.02,0.0002
2024-08-16,0.22,0.0022,-0.03,-0.0003,0.77,0.0077,0.02,0.0002
2024-08-19,0.98,0.0098,0.46,0.0046,-0.26,-0.0026,0.02,0.0002
2024-08-20,-0.31,-0.0031,-0.66,-0.0066,-0.65,-0.006500000000000001,0.02,0.0002
2024-08-21,0.51,0.0051,1.02,0.0102,-0.64,-0.0064,0.02,0.0002
2024-08-22,-0.96,-0.0096,-0.68,-0.0068000000000000005,1.37,0.0137,0.02,0.0002
2024-08-23,1.29,0.0129,1.91,0.0191,0.85,0.0085,0.02,0.0002
2024-08-26,-0.34,-0.0034000000000000002,0.1,0.001,0.18,0.0018,0.02,0.0002
2024-08-27,0.05,0.0005,-0.85,-0.0085,0.02,0.0002,0.02,0.0002
2024-08-28,-0.66,-0.0066,-0.55,-0.0055000000000000005,1.14,0.011399999999999999,0.02,0.0002
2024-08-29,0.07,0.0007000000000000001,0.38,0.0038,0.29,0.0029,0.02,0.0002
2024-08-30,0.98,0.0098,-0.55,-0.0055000000000000005,0.05,0.0005,0.02,0.0002
2024-09-03,-2.26,-0.0226,-1.24,-0.0124,1.36,0.013600000000000001,0.02,0.0002
2024-09-04,-0.22,-0.0022,0.15,0.0015,-0.58,-0.0058,0.02,0.0002
2024-09-05,-0.31,-0.0031,0.26,0.0026,-0.68,-0.0068000000000000005,0.02,0.0002
2024-09-06,-1.82,-0.0182,-0.21,-0.0021,0.18,0.0018,0.02,0.0002
2024-09-09,1.09,0.0109,-0.83,-0.0083,-0.72,-0.0072,0.02,0.0002
2024-09-10,0.4,0.004,0.15,0.0015,-0.83,-0.0083,0.02,0.0002
2024-09-11,1.04,0.0104,-0.03,-0.0003,-1.64,-0.016399999999999998,0.02,0.0002
2024-09-12,0.8,0.008,0.62,0.0062,-0.5,-0.005,0.02,0.0002
2024-09-13,0.7,0.006999999999999999,1.9,0.019,0.03,0.0003,0.02,0.0002
2024-09-16,0.16,0.0016,-0.34,-0.0034000000000000002,0.91,0.0091,0.02,0.0002
2024-09-17,0.08,0.0008,0.53,0.0053,0.55,0.0055000000000000005,0.02,0.0002
2024-09-18,-0.25,-0.0025,0.12,0.0012,0.27,0.0027,0.02,0.0002
2024-09-19,1.77,0.0177,0.48,0.0048,-0.2,-0.002,0.02,0.0002
2024-09-20,-0.26,-0.0026,-0.73,-0.0073,-0.63,-0.0063,0.02,0.0002
2024-09-23,0.21,0.0021,-0.81,-0.008100000000000001,-0.1,-0.001,0.02,0.0002
2024-09-24,0.24,0.0024,0.11,0.0011,-0.57,-0.005699999999999999,0.02,0.0002
2024-09-25,-0.29,-0.0029,-0.65,-0.006500000000000001,-0.71,-0.0070999999999999995,0.02,0.0002
2024-09-26,0.43,0.0043,0.18,0.0018,0.43,0.0043,0.02,0.0002
2024-09-27,-0.09,-0.0009,0.42,0.0042,0.57,0.005699999999999999,0.02,0.0002
2024-09-30,0.36,0.0036,-0.12,-0.0012,0.14,0.0014000000000000002,0.02,0.0002
2024-10-01,-0.97,-0.0097,-0.89,-0.0089,-0.04,-0.0004,0.02,0.0002
2024-10-02,0.0,0.0,-0.19,-0.0019,-0.17,-0.0017000000000000001,0.02,0.0002
2024-10-03,-0.23,-0.0023,-0.6,-0.006,0.2,0.002,0.02,0.0002
2024-10-04,1.03,0.0103,0.39,0.0039000000000000003,0.27,0.0027,0.02,0.0002
2024-10-07,-0.97,-0.0097,-0.16,-0.0016,0.3,0.003,0.02,0.0002
2024-10-08,0.87,0.0087,-0.3,-0.003,-1.11,-0.0111,0.02,0.0002
2024-10-09,0.69,0.0069,-0.46,-0.0046,0.18,0.0018,0.02,0.0002
2024-10-10,-0.2,-0.002,-0.32,-0.0032,0.09,0.0009,0.02,0.0002
2024-10-11,0.75,0.0075,1.07,0.010700000000000001,0.76,0.0076,0.02,0.0002
2024-10-14,0.7,0.006999999999999999,-0.02,-0.0002,-0.31,-0.0031,0.02,0.0002
2024-10-15,-0.72,-0.0072,0.76,0.0076,0.51,0.0051,0.02,0.0002
2024-10-16,0.52,0.0052,0.91,0.0091,0.54,0.0054,0.02,0.0002
2024-10-17,-0.05,-0.0005,-0.09,-0.0009,0.16,0.0016,0.02,0.0002
2024-10-18,0.36,0.0036,-0.19,-0.0019,-0.74,-0.0074,0.02,0.0002
2024-10-21,-0.29,-0.0029,-1.03,-0.0103,-1.19,-0.011899999999999999,0.02,0.0002
2024-10-22,-0.11,-0.0011,-0.31,-0.0031,0.58,0.0058,0.02,0.0002
2024-10-23,-0.97,-0.0097,-0.38,-0.0038,1.08,0.0108,0.02,0.0002
2024-10-24,0.29,0.0029,0.15,0.0015,-0.29,-0.0029,0.02,0.0002
2024-10-25,-0.08,-0.0008,-0.02,-0.0002,-0.82,-0.008199999999999999,0.02,0.0002
2024-10-28,0.38,0.0038,1.13,0.0113,0.64,0.0064,0.02,0.0002
2024-10-29,0.15,0.0015,0.14,0.0014000000000000002,-1.07,-0.010700000000000001,0.02,0.0002
2024-10-30,-0.32,-0.0032,-0.08,-0.0008,0.74,0.0074,0.02,0.0002
2024-10-31,-1.8,-0.018000000000000002,-0.38,-0.0038,0.59,0.0059,0.02,0.0002
2024-11-01,0.47,0.004699999999999999,0.59,0.0059,-1.07,-0.010700000000000001,0.02,0.0002
2024-11-04,-0.27,-0.0027,0.81,0.008100000000000001,-0.55,-0.0055000000000000005,0.02,0.0002
2024-11-05,1.3,0.013000000000000001,0.82,0.008199999999999999,-0.12,-0.0012,0.02,0.0002
2024-11-06,2.91,0.0291,1.89,0.0189,3.59,0.0359,0.02,0.0002
2024-11-07,0.66,0.0066,-0.17,-0.0017000000000000001,-2.72,-0.027200000000000002,0.02,0.0002
2024-11-08,0.43,0.0043,0.4,0.004,-0.5,-0.005,0.02,0.0002
2024-11-11,0.32,0.0032,0.91,0.0091,0.86,0.0086,0.02,0.0002
2024-11-12,-0.38,-0.0038,-1.24,-0.0124,0.13,0.0013,0.02,0.0002
2024-11-13,-0.12,-0.0012,-1.04,-0.0104,0.18,0.0018,0.02,0.0002
2024-11-14,-0.71,-0.0070999999999999995,-0.82,-0.008199999999999999,0.72,0.0072,0.02,0.0002
2024-11-15,-1.38,-0.0138,-0.86,-0.0086,1.66,0.0166,0.02,0.0002
2024-11-18,0.41,0.0040999999999999995,-0.39,-0.0039000000000000003,-0.01,-0.0001,0.02,0.0002
2024-11-19,0.49,0.0049,0.8,0.008,-1.61,-0.0161,0.02,0.0002
2024-11-20,0.04,0.0004,-0.01,-0.0001,-0.11,-0.0011,0.02,0.0002
2024-11-21,0.65,0.006500000000000001,0.81,0.008100000000000001,0.28,0.0028000000000000004,0.02,0.0002
2024-11-22,0.53,0.0053,1.25,0.0125,0.43,0.0043,0.02,0.0002
2024-11-25,0.41,0.0040999999999999995,1.08,0.0108,0.22,0.0022,0.02,0.0002
2024-11-26,0.42,0.0042,-0.93,-0.009300000000000001,-0.68,-0.0068000000000000005,0.02,0.0002
2024-11-27,-0.39,-0.0039000000000000003,0.27,0.0027,0.49,0.0049,0.02,0.0002
2024-11-29,0.54,0.0054,0.13,0.0013,-0.64,-0.0064,0.02,0.0002
2024-12-02,0.23,0.0023,0.45,0.0045000000000000005,-0.66,-0.0066,0.02,0.0002
2024-12-03,0.04,0.0004,-0.57,-0.005699999999999999,-0.55,-0.0055000000000000005,0.02,0.0002
2024-12-04,0.7,0.006999999999999999,0.41,0.0040999999999999995,-1.22,-0.012199999999999999,0.02,0.0002
2024-12-05,-0.28,-0.0028000000000000004,-1.11,-0.0111,0.47,0.004699999999999999,0.02,0.0002
2024-12-06,0.35,0.0034999999999999996,0.61,0.0060999999999999995,-1.05,-0.0105,0.02,0.0002
2024-12-09,-0.73,-0.0073,0.41,0.0040999999999999995,0.11,0.0011,0.02,0.0002
2024-12-10,-0.36,-0.0036,-0.02,-0.0002,0.12,0.0012,0.02,0.0002
2024-12-11,0.87,0.0087,0.17,0.0017000000000000001,-0.58,-0.0058,0.02,0.0002
2024-12-12,-0.62,-0.0062,-0.86,-0.0086,0.43,0.0043,0.02,0.0002
2024-12-13,-0.05,-0.0005,-0.48,-0.0048,-0.3,-0.003,0.02,0.0002
2024-12-16,0.46,0.0046,0.74,0.0074,-1.02,-0.0102,0.02,0.0002
2024-12-17,-0.49,-0.0049,-0.42,-0.0042,-0.58,-0.0058,0.02,0.0002
2024-12-18,-3.17,-0.0317,-1.41,-0.0141,0.07,0.0007000000000000001,0.02,0.0002
2024-12-19,-0.12,-0.0012,-0.26,-0.0026,0.01,0.0001,0.02,0.0002
2024-12-20,1.07,0.010700000000000001,-0.15,-0.0015,0.07,0.0007000000000000001,0.02,0.0002
2024-12-23,0.61,0.0060999999999999995,-0.7,-0.006999999999999999,-0.2,-0.002,0.02,0.0002
2024-12-24,1.11,0.0111,-0.09,-0.0009,-0.05,-0.0005,0.02,0.0002
2024-12-26,0.01,0.0001,1.03,0.0103,-0.18,-0.0018,0.02,0.0002
2024-12-27,-1.17,-0.011699999999999999,-0.65,-0.006500000000000001,0.55,0.0055000000000000005,0.02,0.0002
2024-12-30,-1.09,-0.0109,0.13,0.0013,0.74,0.0074,0.02,0.0002
2024-12-31,-0.46,-0.0046,0.02,0.0002,0.71,0.0070999999999999995,0.02,0.0002
2025-01-02,-0.16,-0.0016,0.1,0.001,-0.29,-0.0029,0.02,0.0002
2025-01-03,1.34,0.0134,0.6,0.006,-0.92,-0.0092,0.02,0.0002
2025-01-06,0.55,0.0055000000000000005,-0.38,-0.0038,-0.32,-0.0032,0.02,0.0002
2025-01-07,-1.18,-0.0118,-0.36,-0.0036,0.82,0.008199999999999999,0.02,0.0002
2025-01-08,0.1,0.001,-0.59,-0.0059,-0.09,-0.0009,0.02,0.0002
2025-01-10,-1.55,-0.0155,-0.9,-0.009000000000000001,-0.18,-0.0018,0.02,0.0002
2025-01-13,0.12,0.0012,-0.58,-0.0058,1.19,0.011899999999999999,0.02,0.0002
2025-01-14,0.17,0.0017000000000000001,0.35,0.0034999999999999996,1.67,0.0167,0.02,0.0002
2025-01-15,1.91,0.0191,0.25,0.0025,0.14,0.0014000000000000002,0.02,0.0002
2025-01-16,-0.19,-0.0019,0.0,0.0,0.18,0.0018,0.02,0.0002
2025-01-17,0.96,0.0096,-0.53,-0.0053,0.12,0.0012,0.02,0.0002
2025-01-21,0.96,0.0096,1.13,0.0113,-1.01,-0.0101,0.02,0.0002
2025-01-22,0.54,0.0054,-0.45,-0.0045000000000000005,-1.21,-0.0121,0.02,0.0002
2025-01-23,0.48,0.0048,0.05,0.0005,-0.27,-0.0027,0.02,0.0002
2025-01-24,-0.27,-0.0027,-0.15,-0.0015,0.68,0.0068000000000000005,0.02,0.0002
2025-01-27,-1.49,-0.0149,-0.65,-0.006500000000000001,2.45,0.0245,0.02,0.0002
2025-01-28,0.92,0.0092,0.17,0.0017000000000000001,-1.64,-0.016399999999999998,0.02,0.0002
2025-01-29,-0.42,-0.0042,-0.03,-0.0003,0.52,0.0052,0.02,0.0002
2025-01-30,0.58,0.0058,0.38,0.0038,-0.01,-0.0001,0.02,0.0002
2025-01-31,-0.53,-0.0053,-0.27,-0.0027,-0.18,-0.0018,0.02,0.0002
2025-02-03,-0.82,-0.008199999999999999,-0.72,-0.0072,-0.25,-0.0025,0.02,0.0002
2025-02-04,0.77,0.0077,0.98,0.0098,-0.13,-0.0013,0.02,0.0002
2025-02-05,0.39,0.0039000000000000003,0.47,0.004699999999999999,0.3,0.003,0.02,0.0002
2025-02-06,0.29,0.0029,-0.55,-0.0055000000000000005,0.58,0.0058,0.02,0.0002
2025-02-07,-0.98,-0.0098,-0.4,-0.004,0.01,0.0001,0.02,0.0002
2025-02-10,0.66,0.0066,0.29,0.0029,-1.09,-0.0109,0.02,0.0002
2025-02-11,-0.14,-0.0014000000000000002,-0.69,-0.0069,1.26,0.0126,0.02,0.0002
2025-02-12,-0.31,-0.0031,-0.49,-0.0049,-0.61,-0.0060999999999999995,0.02,0.0002
2025-02-13,1.1,0.011000000000000001,0.32,0.0032,-0.11,-0.0011,0.02,0.0002
2025-02-14,0.02,0.0002,-0.18,-0.0018,0.48,0.0048,0.02,0.0002
2025-02-18,0.25,0.0025,-0.11,-0.0011,0.23,0.0023,0.02,0.0002
2025-02-19,0.09,0.0009,-0.62,-0.0062,-0.08,-0.0008,0.02,0.0002
2025-02-20,-0.61,-0.0060999999999999995,-0.46,-0.0046,-0.17,-0.0017000000000000001,0.02,0.0002
2025-02-21,-1.9,-0.019,-1.11,-0.0111,0.72,0.0072,0.02,0.0002
2025-02-24,-0.57,-0.005699999999999999,-0.99,-0.009899999999999999,1.18,0.0118,0.02,0.0002
2025-02-25,-0.58,-0.0058,-0.11,-0.0011,0.67,0.0067,0.02,0.0002
2025-02-26,0.02,0.0002,0.16,0.0016,-0.31,-0.0031,0.02,0.0002
2025-02-27,-1.65,-0.0165,-0.93,-0.009300000000000001,2.14,0.021400000000000002,0.02,0.0002
2025-02-28,1.59,0.0159,-0.8,-0.008,0.13,0.0013,0.02,0.0002
2025-03-03,-1.92,-0.0192,-1.23,-0.0123,1.04,0.0104,0.02,0.0002
2025-03-04,-1.27,-0.0127,0.95,0.0095,-2.09,-0.0209,0.02,0.0002
2025-03-05,1.16,0.0116,0.37,0.0037,-0.82,-0.008199999999999999,0.02,0.0002
2025-03-06,-1.92,-0.0192,-0.11,-0.0011,0.9,0.009000000000000001,0.02,0.0002
2025-03-07,0.47,0.004699999999999999,-0.03,-0.0003,-0.36,-0.0036,0.02,0.0002
2025-03-10,-2.9,-0.028999999999999998,-0.74,-0.0074,0.64,0.0064,0.02,0.0002
2025-03-11,-0.63,-0.0063,0.98,0.0098,-0.11,-0.0011,0.02,0.0002
2025-03-12,0.51,0.0051,-0.01,-0.0001,-0.28,-0.0028000000000000004,0.02,0.0002
2025-03-13,-1.49,-0.0149,-0.99,-0.009899999999999999,1.39,0.0139,0.02,0.0002
2025-03-14,2.21,0.022099999999999998,0.3,0.003,0.11,0.0011,0.02,0.0002
2025-03-17,0.72,0.0072,0.18,0.0018,0.15,0.0015,0.02,0.0002
2025-03-18,-1.13,-0.0113,-0.28,-0.0028000000000000004,1.01,0.0101,0.02,0.0002
2025-03-19,1.2,0.012,0.53,0.0053,-0.38,-0.0038,0.02,0.0002
2025-03-20,-0.24,-0.0024,-0.45,-0.0045000000000000005,0.24,0.0024,0.02,0.0002
2025-03-21,0.08,0.0008,-0.26,-0.0026,-0.71,-0.0070999999999999995,0.02,0.0002
2025-03-24,1.93,0.019299999999999998,0.75,0.0075,-0.39,-0.0039000000000000003,0.02,0.0002
2025-03-25,0.12,0.0012,-0.94,-0.009399999999999999,0.05,0.0005,0.02,0.0002
2025-03-26,-1.22,-0.012199999999999999,-0.46,-0.0046,1.5,0.015,0.02,0.0002
2025-03-27,-0.42,-0.0042,0.19,0.0019,0.3,0.003,0.02,0.0002
2025-03-28,-2.07,-0.0207,-0.48,-0.0048,0.39,0.0039000000000000003,0.02,0.0002
2025-03-31,0.39,0.0039000000000000003,-1.08,-0.0108,0.36,0.0036,0.02,0.0002
2025-04-01,0.4,0.004,-0.38,-0.0038,0.04,0.0004,0.02,0.0002
2025-04-02,0.81,0.008100000000000001,0.82,0.008199999999999999,-0.12,-0.0012,0.02,0.0002
2025-04-03,-5.13,-0.0513,-1.62,-0.016200000000000003,-0.5,-0.005,0.02,0.0002
2025-04-04,-5.92,-0.0592,2.01,0.020099999999999996,-0.26,-0.0026,0.02,0.0002
2025-04-07,-0.23,-0.0023,-0.57,-0.005699999999999999,-0.22,-0.0022,0.02,0.0002
2025-04-08,-1.67,-0.0167,-1.37,-0.0137,0.95,0.0095,0.02,0.0002
2025-04-09,9.65,0.0965,0.34,0.0034000000000000002,-3.0,-0.03,0.02,0.0002
2025-04-10,-3.54,-0.0354,-0.91,-0.0091,-0.14,-0.0014000000000000002,0.02,0.0002
2025-04-11,1.76,0.0176,-0.2,-0.002,-0.96,-0.0096,0.02,0.0002
2025-04-14,0.79,0.0079,0.11,0.0011,0.36,0.0036,0.02,0.0002
2025-04-15,-0.14,-0.0014000000000000002,0.17,0.0017000000000000001,0.45,0.0045000000000000005,0.02,0.0002
2025-04-16,-2.22,-0.0222,0.77,0.0077,1.29,0.0129,0.02,0.0002
2025-04-17,0.22,0.0022,0.28,0.0028000000000000004,0.75,0.0075,0.02,0.0002
2025-04-21,-2.4,-0.024,0.04,0.0004,0.67,0.0067,0.02,0.0002
2025-04-22,2.56,0.0256,0.07,0.0007000000000000001,0.25,0.0025,0.02,0.0002
2025-04-23,1.75,0.0175,0.19,0.0019,-0.65,-0.006500000000000001,0.02,0.0002
2025-04-24,2.14,0.021400000000000002,0.36,0.0036,-0.9,-0.009000000000000001,0.02,0.0002
2025-04-25,0.64,0.0064,-0.08,-0.0008,-1.13,-0.0113,0.02,0.0002
2025-04-28,0.08,0.0008,0.22,0.0022,0.13,0.0013,0.02,0.0002
2025-04-29,0.58,0.0058,0.02,0.0002,-0.03,-0.0003,0.02,0.0002
2025-04-30,0.03,0.0003,-0.73,-0.0073,-0.6,-0.006,0.02,0.0002
2025-05-01,0.59,0.0059,0.35,0.0034999999999999996,-0.31,-0.0031,0.02,0.0002
2025-05-02,1.56,0.015600000000000001,0.7,0.006999999999999999,0.3,0.003,0.02,0.0002
2025-05-05,-0.66,-0.0066,0.05,0.0005,-0.5,-0.005,0.02,0.0002
2025-05-06,-0.81,-0.008100000000000001,-0.6,-0.006,0.61,0.0060999999999999995,0.02,0.0002
2025-05-07,0.4,0.004,-0.29,-0.0029,-0.07,-0.0007000000000000001,0.02,0.0002
2025-05-08,0.74,0.0074,1.53,0.015300000000000001,-0.06,-0.0006,0.02,0.0002
2025-05-09,-0.09,-0.0009,-0.28,-0.0028000000000000004,0.56,0.005600000000000001,0.02,0.0002
2025-05-12,3.36,0.0336,0.74,0.0074,-1.4,-0.013999999999999999,0.02,0.0002
2025-05-13,0.79,0.0079,-0.03,-0.0003,-0.12,-0.0012,0.02,0.0002
2025-05-14,0.08,0.0008,-0.51,-0.0051,-0.88,-0.0088,0.02,0.0002
2025-05-15,0.3,0.003,0.02,0.0002,0.43,0.0043,0.02,0.0002
2025-05-16,0.74,0.0074,0.05,0.0005,-0.43,-0.0043,0.02,0.0002
2025-05-19,0.01,0.0001,-0.41,-0.0040999999999999995,-0.03,-0.0003,0.02,0.0002
2025-05-20,-0.37,-0.0037,0.43,0.0043,-0.12,-0.0012,0.02,0.0002
2025-05-21,-1.73,-0.0173,-1.01,-0.0101,-0.29,-0.0029,0.02,0.0002
2025-05-22,-0.01,-0.0001,0.29,0.0029,-0.41,-0.0040999999999999995,0.02,0.0002
2025-05-23,-0.67,-0.0067,-0.06,-0.0006,0.37,0.0037,0.02,0.0002
2025-05-27,2.07,0.0207,0.59,0.0059,-0.26,-0.0026,0.02,0.0002
2025-05-28,-0.62,-0.0062,-0.31,-0.0031,-0.24,-0.0024,0.02,0.0002
2025-05-29,0.33,0.0033,-0.13,-0.0013,0.32,0.0032,0.02,0.0002
2025-05-30,-0.02,-0.0002,-0.41,-0.0040999999999999995,-0.18,-0.0018,0.02,0.0002
2025-06-02,0.38,0.0038,-0.2,-0.002,-0.61,-0.0060999999999999995,0.02,0.0002
2025-06-03,0.66,0.0066,1.03,0.0103,-0.26,-0.0026,0.02,0.0002
2025-06-04,-0.02,-0.0002,0.28,0.0028000000000000004,-1.24,-0.0124,0.02,0.0002
2025-06-05,-0.51,-0.0051,0.36,0.0036,0.1,0.001,0.02,0.0002
2025-06-06,1.07,0.010700000000000001,0.55,0.0055000000000000005,0.07,0.0007000000000000001,0.02,0.0002
2025-06-09,0.11,0.0011,0.53,0.0053,-0.08,-0.0008,0.02,0.0002
2025-06-10,0.5,0.005,-0.12,-0.0012,0.29,0.0029,0.02,0.0002
2025-06-11,-0.32,-0.0032,-0.25,-0.0025,0.21,0.0021,0.02,0.0002
2025-06-12,0.3,0.003,-0.72,-0.0072,-0.02,-0.0002,0.02,0.0002
2025-06-13,-1.15,-0.0115,-1.12,-0.011200000000000002,0.13,0.0013,0.02,0.0002
2025-06-16,0.97,0.0097,0.55,0.0055000000000000005,-0.34,-0.0034000000000000002,0.02,0.0002
2025-06-17,-0.88,-0.0088,-0.27,-0.0027,-0.06,-0.0006,0.02,0.0002
2025-06-18,0.03,0.0003,0.27,0.0027,0.39,0.0039000000000000003,0.02,0.0002
2025-06-20,-0.22,-0.0022,-0.25,-0.0025,0.43,0.0043,0.02,0.0002
2025-06-23,0.93,0.009300000000000001,0.52,0.0052,-0.14,-0.0014000000000000002,0.02,0.0002
2025-06-24,1.17,0.011699999999999999,0.48,0.0048,-0.47,-0.004699999999999999,0.02,0.0002
2025-06-25,-0.07,-0.0007000000000000001,-0.95,-0.0095,-0.05,-0.0005,0.02,0.0002
2025-06-26,0.88,0.0088,0.7,0.006999999999999999,0.33,0.0033,0.02,0.0002
2025-06-27,0.46,0.0046,-0.2,-0.002,-0.01,-0.0001,0.02,0.0002
2025-06-30,0.49,0.0049,-0.45,-0.0045000000000000005,-0.03,-0.0003,0.02,0.0002
2025-07-01,-0.1,-0.001,0.93,0.009300000000000001,2.35,0.0235,0.02,0.0002
2025-07-02,0.56,0.005600000000000001,1.19,0.011899999999999999,-0.08,-0.0008,0.02,0.0002
2025-07-03,0.88,0.0088,0.22,0.0022,-0.31,-0.0031,0.02,0.0002
2025-07-07,-0.84,-0.0084,-0.69,-0.0069,-0.24,-0.0024,0.02,0.0002
2025-07-08,-0.08,-0.0008,1.02,0.0102,0.39,0.0039000000000000003,0.02,0.0002
2025-07-09,0.63,0.0063,0.68,0.0068000000000000005,-0.8,-0.008,0.02,0.0002
2025-07-10,0.25,0.0025,0.06,0.0006,0.65,0.006500000000000001,0.02,0.0002
2025-07-11,-0.44,-0.0044,-1.08,-0.0108,0.36,0.0036,0.02,0.0002
2025-07-14,0.21,0.0021,0.31,0.0031,-0.35,-0.0034999999999999996,0.02,0.0002
2025-07-15,-0.52,-0.0052,-0.98,-0.0098,-1.5,-0.015,0.02,0.0002
2025-07-16,0.38,0.0038,0.64,0.0064,-0.44,-0.0044,0.02,0.0002
2025-07-17,0.59,0.0059,0.64,0.0064,0.14,0.0014000000000000002,0.02,0.0002
2025-07-18,-0.02,-0.0002,-0.82,-0.008199999999999999,0.29,0.0029,0.02,0.0002
2025-07-21,0.05,0.0005,-0.11,-0.0011,0.23,0.0023,0.02,0.0002
2025-07-22,0.08,0.0008,0.7,0.006999999999999999,1.12,0.011200000000000002,0.02,0.0002
2025-07-23,0.77,0.0077,0.78,0.0078000000000000005,-0.41,-0.0040999999999999995,0.02,0.0002
2025-07-24,-0.03,-0.0003,-1.27,-0.0127,-0.67,-0.0067,0.02,0.0002
2025-07-25,0.4,0.004,-0.05,-0.0005,-0.07,-0.0007000000000000001,0.02,0.0002
2025-07-28,0.04,0.0004,0.08,0.0008,-0.37,-0.0037,0.02,0.0002
2025-07-29,-0.37,-0.0037,-0.93,-0.009300000000000001,0.09,0.0009,0.02,0.0002
2025-07-30,-0.11,-0.0011,-0.58,-0.0058,-0.86,-0.0086,0.02,0.0002
2025-07-31,-0.34,-0.0034000000000000002,-0.35,-0.0034999999999999996,-0.77,-0.0077,0.02,0.0002
2025-08-01,-1.74,-0.0174,-0.52,-0.0052,-0.1,-0.001,0.02,0.0002
2025-08-04,1.53,0.015300000000000001,0.89,0.0089,-1.05,-0.0105,0.02,0.0002
2025-08-05,-0.42,-0.0042,0.65,0.006500000000000001,0.59,0.0059,0.02,0.0002
2025-08-06,0.71,0.0070999999999999995,-0.31,-0.0031,-0.64,-0.0064,0.02,0.0002
2025-08-07,-0.14,-0.0014000000000000002,-0.28,-0.0028000000000000004,0.19,0.0019,0.02,0.0002
2025-08-08,0.69,0.0069,-0.53,-0.0053,0.1,0.001,0.02,0.0002
2025-08-11,-0.24,-0.0024,0.17,0.0017000000000000001,0.02,0.0002,0.02,0.0002
2025-08-12,1.25,0.0125,1.45,0.014499999999999999,0.86,0.0086,0.02,0.0002
2025-08-13,0.39,0.0039000000000000003,1.76,0.0176,0.41,0.0040999999999999995,0.02,0.0002
2025-08-14,-0.09,-0.0009,-1.28,-0.0128,0.56,0.005600000000000001,0.02,0.0002
2025-08-15,-0.28,-0.0028000000000000004,0.04,0.0004,-0.73,-0.0073,0.02,0.0002
2025-08-18,0.03,0.0003,0.33,0.0033,0.04,0.0004,0.02,0.0002
2025-08-19,-0.7,-0.006999999999999999,-0.61,-0.0060999999999999995,1.59,0.0159,0.02,0.0002
2025-08-20,-0.28,-0.0028000000000000004,-0.25,-0.0025,0.17,0.0017000000000000001,0.02,0.0002
2025-08-21,-0.38,-0.0038,0.4,0.004,-0.16,-0.0016,0.02,0.0002
2025-08-22,1.7,0.017,2.03,0.0203,1.18,0.0118,0.02,0.0002
2025-08-25,-0.48,-0.0048,-0.64,-0.0064,0.46,0.0046,0.02,0.0002
2025-08-26,0.43,0.0043,0.25,0.0025,0.12,0.0012,0.02,0.0002
2025-08-27,0.24,0.0024,0.36,0.0036,0.32,0.0032,0.02,0.0002
2025-08-28,0.35,0.0034999999999999996,-0.14,-0.0014000000000000002,-0.54,-0.0054,0.02,0.0002
2025-08-29,-0.68,-0.0068000000000000005,0.03,0.0003,0.85,0.0085,0.02,0.0002
2025-09-02,-0.61,-0.0060999999999999995,-0.07,-0.0007000000000000001,0.08,0.0008,0.02,0.0002
2025-09-03,0.44,0.0044,-0.23,-0.0023,-0.52,-0.0052,0.02,0.0002
2025-09-04,0.87,0.0087,0.15,0.0015,0.36,0.0036,0.02,0.0002
2025-09-05,-0.22,-0.0022,0.95,0.0095,-0.55,-0.0055000000000000005,0.02,0.0002
2025-09-08,0.26,0.0026,0.14,0.0014000000000000002,-0.6,-0.006,0.02,0.0002
2025-09-09,0.21,0.0021,-0.78,-0.0078000000000000005,-0.17,-0.0017000000000000001,0.02,0.0002
2025-09-10,0.36,0.0036,-0.93,-0.009300000000000001,0.36,0.0036,0.02,0.0002
2025-09-11,0.87,0.0087,0.77,0.0077,0.07,0.0007000000000000001,0.02,0.0002
2025-09-12,-0.16,-0.0016,-1.09,-0.0109,0.04,0.0004,0.02,0.0002
2025-09-15,0.51,0.0051,0.06,0.0006,-0.68,-0.0068000000000000005,0.02,0.0002
2025-09-16,-0.09,-0.0009,0.07,0.0007000000000000001,-0.1,-0.001,0.02,0.0002
2025-09-17,-0.1,-0.001,-0.24,-0.0024,0.57,0.005699999999999999,0.02,0.0002
2025-09-18,0.61,0.0060999999999999995,1.38,0.0138,0.52,0.0052,0.02,0.0002
2025-09-19,0.38,0.0038,-1.27,-0.0127,-0.76,-0.0076,0.02,0.0002
2025-09-22,0.43,0.0043,0.64,0.0064,-1.11,-0.0111,0.02,0.0002
2025-09-23,-0.61,-0.0060999999999999995,-0.28,-0.0028000000000000004,0.85,0.0085,0.02,0.0002
2025-09-24,-0.34,-0.0034000000000000002,-0.35,-0.0034999999999999996,0.98,0.0098,0.02,0.0002
2025-09-25,-0.58,-0.0058,-0.8,-0.008,0.59,0.0059,0.02,0.0002
2025-09-26,0.6,0.006,0.29,0.0029,0.45,0.0045000000000000005,0.02,0.0002
2025-09-29,0.25,0.0025,-0.05,-0.0005,-0.75,-0.0075,0.02,0.0002
2025-09-30,0.29,0.0029,-0.15,-0.0015,-0.55,-0.0055000000000000005,0.02,0.0002
2025-10-01,0.34,0.0034000000000000002,0.08,0.0008,-0.07,-0.0007000000000000001,0.02,0.0002
2025-10-02,0.1,0.001,0.37,0.0037,-0.52,-0.0052,0.02,0.0002
2025-10-03,0.03,0.0003,0.54,0.0054,0.54,0.0054,0.02,0.0002
2025-10-06,0.39,0.0039000000000000003,-0.14,-0.0014000000000000002,-0.39,-0.0039000000000000003,0.02,0.0002
2025-10-07,-0.51,-0.0051,-0.77,-0.0077,0.1,0.001,0.02,0.0002
2025-10-08,0.66,0.0066,0.9,0.009000000000000001,-0.95,-0.0095,0.02,0.0002
2025-10-09,-0.29,-0.0029,-0.05,-0.0005,-0.41,-0.0040999999999999995,0.02,0.0002
2025-10-10,-2.78,-0.0278,-0.63,-0.0063,-0.13,-0.0013,0.02,0.0002
2025-10-13,1.64,0.016399999999999998,0.61,0.0060999999999999995,-0.2,-0.002,0.02,0.0002
2025-10-14,-0.06,-0.0006,0.99,0.009899999999999999,1.51,0.0151,0.02,0.0002
2025-10-15,0.42,0.0042,0.28,0.0028000000000000004,-0.42,-0.0042,0.02,0.0002
2025-10-16,-0.73,-0.0073,-0.68,-0.0068000000000000005,-1.48,-0.0148,0.02,0.0002
2025-10-17,0.38,0.0038,-0.99,-0.009899999999999999,0.73,0.0073,0.02,0.0002
2025-10-20,1.1,0.011000000000000001,0.94,0.009399999999999999,0.51,0.0051,0.02,0.0002
2025-10-21,-0.01,-0.0001,-0.24,-0.0024,-0.04,-0.0004,0.02,0.0002
2025-10-22,-0.67,-0.0067,-0.5,-0.005,0.47,0.004699999999999999,0.02,0.0002
2025-10-23,0.66,0.0066,0.41,0.0040999999999999995,-0.23,-0.0023,0.02,0.0002
2025-10-24,0.79,0.0079,0.19,0.0019,0.3,0.003,0.02,0.0002
2025-10-27,1.18,0.0118,-0.63,-0.0063,-1.11,-0.0111,0.02,0.0002
2025-10-28,0.18,0.0018,-0.38,-0.0038,-0.54,-0.0054,0.02,0.0002
2025-10-29,-0.09,-0.0009,-0.97,-0.0097,-0.72,-0.0072,0.02,0.0002
2025-10-30,-1.1,-0.011000000000000001,-0.15,-0.0015,0.62,0.0062,0.02,0.0002
2025-10-31,0.4,0.004,0.1,0.001,-0.25,-0.0025,0.02,0.0002
2025-11-03,0.12,0.0012,-0.44,-0.0044,0.53,0.0053,0.02,0.0002
2025-11-04,-1.26,-0.0126,-0.86,-0.0086,0.81,0.008100000000000001,0.02,0.0002
2025-11-05,0.42,0.0042,1.03,0.0103,-0.17,-0.0017000000000000001,0.02,0.0002
2025-11-06,-1.21,-0.0121,-1.23,-0.0123,1.48,0.0148,0.02,0.0002
2025-11-07,0.13,0.0013,-0.07,-0.0007000000000000001,0.68,0.0068000000000000005,0.02,0.0002
2025-11-10,1.51,0.0151,0.05,0.0005,-0.85,-0.0085,0.02,0.0002
2025-11-11,0.18,0.0018,0.23,0.0023,0.19,0.0019,0.02,0.0002
2025-11-12,0.03,0.0003,-0.5,-0.005,0.33,0.0033,0.02,0.0002
2025-11-13,-1.79,-0.0179,-0.53,-0.0053,0.77,0.0077,0.02,0.0002
2025-11-14,-0.05,-0.0005,0.35,0.0034999999999999996,-0.39,-0.0039000000000000003,0.02,0.0002
2025-11-17,-1.03,-0.0103,-0.8,-0.008,-0.83,-0.0083,0.02,0.0002
2025-11-18,-0.76,-0.0076,0.61,0.0060999999999999995,0.93,0.009300000000000001,0.02,0.0002
2025-11-19,0.34,0.0034000000000000002,-0.43,-0.0043,-0.5,-0.005,0.02,0.0002
2025-11-20,-1.58,-0.0158,0.1,0.001,0.42,0.0042,0.02,0.0002
2025-11-21,1.03,0.0103,1.66,0.0166,0.72,0.0072,0.02,0.0002
2025-11-24,1.61,0.0161,0.3,0.003,-0.97,-0.0097,0.02,0.0002
2025-11-25,1.04,0.0104,1.64,0.016399999999999998,0.05,0.0005,0.02,0.0002
2025-11-26,0.69,0.0069,-0.06,-0.0006,-0.07,-0.0007000000000000001,0.02,0.0002
2025-11-28,0.54,0.0054,-0.41,-0.0040999999999999995,0.37,0.0037,0.02,0.0002
2025-12-01,-0.53,-0.0053,-0.38,-0.0038,0.51,0.0051,0.02,0.0002
2025-12-02,0.21,0.0021,-0.58,-0.0058,0.18,0.0018,0.02,0.0002
2025-12-03,0.44,0.0044,1.32,0.0132,0.11,0.0011,0.02,0.0002
2025-12-04,0.14,0.0014000000000000002,0.3,0.003,-0.76,-0.0076,0.02,0.0002
2025-12-05,0.18,0.0018,-0.36,-0.0036,0.03,0.0003,0.02,0.0002
2025-12-08,-0.37,-0.0037,0.33,0.0033,-0.01,-0.0001,0.02,0.0002
2025-12-09,-0.07,-0.0007000000000000001,0.51,0.0051,0.23,0.0023,0.02,0.0002
2025-12-10,0.68,0.0068000000000000005,0.57,0.005699999999999999,1.45,0.014499999999999999,0.02,0.0002
2025-12-11,0.22,0.0022,0.5,0.005,0.22,0.0022,0.02,0.0002
2025-12-12,-1.11,-0.0111,-0.32,-0.0032,0.91,0.0091,0.02,0.0002
2025-12-15,-0.26,-0.0026,-0.86,-0.0086,0.92,0.0092,0.02,0.0002
2025-12-16,-0.25,-0.0025,0.3,0.003,-0.85,-0.0085,0.02,0.0002
2025-12-17,-1.16,-0.0116,-0.19,-0.0019,1.29,0.0129,0.02,0.0002
2025-12-18,0.8,0.008,0.11,0.0011,-0.81,-0.008100000000000001,0.02,0.0002
2025-12-19,0.9,0.009000000000000001,-0.38,-0.0038,-1.02,-0.0102,0.02,0.0002
2025-12-22,0.69,0.0069,0.12,0.0012,-0.28,-0.0028000000000000004,0.02,0.0002
2025-12-23,0.32,0.0032,-0.94,-0.009399999999999999,-0.19,-0.0019,0.02,0.0002
2025-12-24,0.29,0.0029,0.04,0.0004,0.01,0.0001,0.02,0.0002
2025-12-26,-0.06,-0.0006,-0.32,-0.0032,0.09,0.0009,0.02,0.0002
2025-12-29,-0.41,-0.0040999999999999995,-0.16,-0.0016,0.06,0.0006,0.02,0.0002
2025-12-30,-0.2,-0.002,-0.62,-0.0062,0.31,0.0031,0.02,0.0002
2025-12-31,-0.76,-0.0076,0.07,0.0007000000000000001,-0.09,-0.0009,0.02,0.0002
2026-01-02,0.25,0.0025,-0.23,-0.0023,0.87,0.0087,0.02,0.0002
2026-01-05,0.75,0.0075,0.43,0.0043,0.04,0.0004,0.02,0.0002
2026-01-06,0.63,0.0063,0.73,0.0073,-0.08,-0.0008,0.02,0.0002
2026-01-07,-0.31,-0.0031,0.45,0.0045000000000000005,-0.88,-0.0088,0.02,0.0002
2026-01-08,0.03,0.0003,0.82,0.008199999999999999,1.33,0.013300000000000001,0.02,0.0002
2026-01-09,0.67,0.0067,0.2,0.002,-0.46,-0.0046,0.02,0.0002
2026-01-12,0.18,0.0018,0.44,0.0044,-0.68,-0.0068000000000000005,0.02,0.0002
2026-01-13,-0.21,-0.0021,-0.16,-0.0016,0.52,0.0052,0.02,0.0002
2026-01-14,-0.51,-0.0051,1.2,0.012,0.49,0.0049,0.02,0.0002
2026-01-15,0.26,0.0026,0.26,0.0026,0.67,0.0067,0.02,0.0002
2026-01-16,-0.12,-0.0012,-0.12,-0.0012,-0.26,-0.0026,0.02,0.0002
2026-01-20,-2.05,-0.020499999999999997,0.23,0.0023,0.46,0.0046,0.02,0.0002
2026-01-21,1.19,0.011899999999999999,0.82,0.008199999999999999,1.38,0.0138,0.02,0.0002
2026-01-22,0.6,0.006,0.5,0.005,-0.34,-0.0034000000000000002,0.02,0.0002
2026-01-23,-0.13,-0.0013,-0.9,-0.009000000000000001,-1.49,-0.0149,0.02,0.0002
2026-01-26,0.4,0.004,-0.75,-0.0075,-0.21,-0.0021,0.02,0.0002
2026-01-27,0.34,0.0034000000000000002,-0.08,-0.0008,0.28,0.0028000000000000004,0.02,0.0002
2026-01-28,-0.1,-0.001,-1.05,-0.0105,0.39,0.0039000000000000003,0.02,0.0002
2026-01-29,-0.26,-0.0026,-0.15,-0.0015,1.38,0.0138,0.02,0.0002
2026-01-30,-0.55,-0.0055000000000000005,-0.55,-0.0055000000000000005,0.34,0.0034000000000000002,0.02,0.0002
2026-02-02,0.54,0.0054,0.61,0.0060999999999999995,0.29,0.0029,0.01,0.0001
2026-02-03,-0.77,-0.0077,0.01,0.0001,1.98,0.019799999999999998,0.01,0.0001
2026-02-04,-0.56,-0.005600000000000001,-0.45,-0.0045000000000000005,2.17,0.0217,0.01,0.0001
2026-02-05,-1.33,-0.013300000000000001,-0.84,-0.0084,0.93,0.009300000000000001,0.01,0.0001
2026-02-06,2.09,0.0209,1.04,0.0104,-0.29,-0.0029,0.01,0.0001
2026-02-09,0.52,0.0052,-0.02,-0.0002,-0.73,-0.0073,0.01,0.0001
2026-02-10,-0.36,-0.0036,0.23,0.0023,-0.05,-0.0005,0.01,0.0001
2026-02-11,-0.12,-0.0012,-0.55,-0.0055000000000000005,0.58,0.0058,0.01,0.0001
2026-02-12,-1.66,-0.0166,-0.09,-0.0009,0.19,0.0019,0.01,0.0001
2026-02-13,0.15,0.0015,0.52,0.0052,0.63,0.0063,0.01,0.0001
2026-02-17,0.01,0.0001,-0.11,-0.0011,-0.37,-0.0037,0.01,0.0001
2026-02-18,0.6,0.006,-0.29,-0.0029,-0.07,-0.0007000000000000001,0.01,0.0001
2026-02-19,-0.24,-0.0024,0.51,0.0051,-0.31,-0.0031,0.01,0.0001
2026-02-20,0.58,0.0058,-0.36,-0.0036,0.27,0.0027,0.01,0.0001
2026-02-23,-1.18,-0.0118,-0.27,-0.0027,-1.33,-0.013300000000000001,0.01,0.0001
2026-02-24,0.82,0.008199999999999999,0.51,0.0051,-0.67,-0.0067,0.01,0.0001
2026-02-25,0.79,0.0079,-0.34,-0.0034000000000000002,0.45,0.0045000000000000005,0.01,0.0001
2026-02-26,-0.47,-0.004699999999999999,0.63,0.0063,0.31,0.0031,0.01,0.0001
2026-02-27,-0.52,-0.0052,-0.44,-0.0044,-1.23,-0.0123,0.01,0.0001
2026-03-02,0.13,0.0013,0.62,0.0062,0.26,0.0026,0.01,0.0001
2026-03-03,-0.98,-0.0098,-0.03,-0.0003,-0.27,-0.0027,0.01,0.0001
2026-03-04,0.82,0.008199999999999999,0.33,0.0033,0.01,0.0001,0.01,0.0001
2026-03-05,-0.65,-0.006500000000000001,-0.95,-0.0095,-0.4,-0.004,0.01,0.0001
2026-03-06,-1.36,-0.013600000000000001,-0.62,-0.0062,-0.1,-0.001,0.01,0.0001
2026-03-09,0.83,0.0083,0.14,0.0014000000000000002,-1.02,-0.0102,0.01,0.0001
2026-03-10,-0.25,-0.0025,-0.07,-0.0007000000000000001,0.16,0.0016,0.01,0.0001
2026-03-11,-0.07,-0.0007000000000000001,-0.15,-0.0015,0.04,0.0004,0.01,0.0001
2026-03-12,-1.61,-0.0161,-0.37,-0.0037,0.76,0.0076,0.01,0.0001
2026-03-13,-0.6,-0.006,0.06,0.0006,0.24,0.0024,0.01,0.0001
2026-03-16,0.98,0.0098,0.11,0.0011,-0.43,-0.0043,0.01,0.0001
2026-03-17,0.28,0.0028000000000000004,0.19,0.0019,-0.05,-0.0005,0.01,0.0001
2026-03-18,-1.4,-0.013999999999999999,-0.55,-0.0055000000000000005,0.7,0.006999999999999999,0.01,0.0001
2026-03-19,-0.26,-0.0026,0.76,0.0076,0.12,0.0012,0.01,0.0001
2026-03-20,-1.57,-0.015700000000000002,-0.62,-0.0062,0.87,0.0087,0.01,0.0001
2026-03-23,1.25,0.0125,1.3,0.013000000000000001,-0.23,-0.0023,0.01,0.0001
2026-03-24,-0.39,-0.0039000000000000003,0.02,0.0002,1.84,0.0184,0.01,0.0001
2026-03-25,0.63,0.0063,0.69,0.0069,0.09,0.0009,0.01,0.0001
2026-03-26,-1.73,-0.0173,0.06,0.0006,1.27,0.0127,0.01,0.0001
2026-03-27,-1.74,-0.0174,-0.29,-0.0029,0.72,0.0072,0.01,0.0001
2026-03-30,-0.44,-0.0044,-0.72,-0.0072,0.43,0.0043,0.01,0.0001
2026-03-31,2.98,0.0298,0.63,0.0063,-1.64,-0.016399999999999998,0.01,0.0001
2026-04-01,0.69,0.0069,-0.09,-0.0009,0.04,0.0004,0.01,0.0001
2026-04-02,0.09,0.0009,0.5,0.005,0.24,0.0024,0.01,0.0001
2026-04-06,0.43,0.0043,0.06,0.0006,0.01,0.0001,0.01,0.0001
2026-04-07,0.03,0.0003,-0.01,-0.0001,0.34,0.0034000000000000002,0.01,0.0001
2026-04-08,2.47,0.024700000000000003,-0.11,-0.0011,0.15,0.0015,0.01,0.0001
2026-04-09,0.53,0.0053,0.06,0.0006,0.54,0.0054,0.01,0.0001
2026-04-10,-0.18,-0.0018,-0.27,-0.0027,-0.15,-0.0015,0.01,0.0001
2026-04-13,1.09,0.0109,0.39,0.0039000000000000003,-0.67,-0.0067,0.01,0.0001
2026-04-14,1.19,0.011899999999999999,0.51,0.0051,-1.9,-0.019,0.01,0.0001
2026-04-15,0.82,0.008199999999999999,0.03,0.0003,-1.16,-0.0116,0.01,0.0001
2026-04-16,0.26,0.0026,-0.16,-0.0016,0.17,0.0017000000000000001,0.01,0.0001
2026-04-17,1.27,0.0127,1.14,0.011399999999999999,-0.59,-0.0059,0.01,0.0001
2026-04-20,-0.15,-0.0015,0.51,0.0051,0.1,0.001,0.01,0.0001
2026-04-21,-0.64,-0.0064,-0.55,-0.0055000000000000005,0.27,0.0027,0.01,0.0001
2026-04-22,0.95,0.0095,0.07,0.0007000000000000001,-1.06,-0.0106,0.01,0.0001
2026-04-23,-0.55,-0.0055000000000000005,-0.46,-0.0046,1.48,0.0148,0.01,0.0001
2026-04-24,0.7,0.006999999999999999,-0.34,-0.0034000000000000002,-0.28,-0.0028000000000000004,0.01,0.0001
2026-04-27,0.1,0.001,-0.19,-0.0019,0.63,0.0063,0.01,0.0001
2026-04-28,-0.57,-0.005699999999999999,-0.43,-0.0043,0.86,0.0086,0.01,0.0001
2026-04-29,-0.13,-0.0013,-1.49,-0.0149,0.55,0.0055000000000000005,0.01,0.0001
2026-04-30,1.13,0.0113,0.99,0.009899999999999999,-0.71,-0.0070999999999999995,0.01,0.0001
